Waypoint,路線名稱,里程(公里),路線編號,總里程,里程,地標名稱,路線分段,分段第一行,分段第二行,緯度,經度,東距,北距
0K,雪山西稜,0,SM300,520,0,林道起點,林道起點-雪山西稜,林道起點(000)➡雙溪前營地(115)⇨,廢棄工寮(170)⇨合流山登山口(212)⇨大營地(260),24.27931,121.025503,252589,2685957
0.1K,雪山西稜,0.1,SM300,520,1,,林道起點-雪山西稜,林道起點(000)➡雙溪前營地(115)⇨,廢棄工寮(170)⇨合流山登山口(212)⇨大營地(260),24.280032,121.025577,252597,2686037
0.2K,雪山西稜,0.2,SM300,520,2,,林道起點-雪山西稜,林道起點(000)➡雙溪前營地(115)⇨,廢棄工寮(170)⇨合流山登山口(212)⇨大營地(260),24.280992,121.02578,252617,2686143
0.3K,雪山西稜,0.3,SM300,520,3,,林道起點-雪山西稜,林道起點(000)➡雙溪前營地(115)⇨,廢棄工寮(170)⇨合流山登山口(212)⇨大營地(260),24.281917,121.025902,252630,2686245
0.4K,雪山西稜,0.4,SM300,520,4,,林道起點-雪山西稜,林道起點(000)➡雙溪前營地(115)⇨,廢棄工寮(170)⇨合流山登山口(212)⇨大營地(260),24.282771,121.02551,252590,2686340
0.5K,雪山西稜,0.5,SM300,520,5,,林道起點-雪山西稜,林道起點(000)➡雙溪前營地(115)⇨,廢棄工寮(170)⇨合流山登山口(212)⇨大營地(260),24.283679,121.025158,252554,2686441
0.6K,雪山西稜,0.6,SM300,520,6,,林道起點-雪山西稜,林道起點(000)➡雙溪前營地(115)⇨,廢棄工寮(170)⇨合流山登山口(212)⇨大營地(260),24.284419,121.024691,252507,2686523
0.7K,雪山西稜,0.7,SM300,520,7,,林道起點-雪山西稜,林道起點(000)➡雙溪前營地(115)⇨,廢棄工寮(170)⇨合流山登山口(212)⇨大營地(260),24.285032,121.025195,252558,2686590
0.8K,雪山西稜,0.8,SM300,520,8,,林道起點-雪山西稜,林道起點(000)➡雙溪前營地(115)⇨,廢棄工寮(170)⇨合流山登山口(212)⇨大營地(260),24.28552,121.025934,252633,2686644
0.9K,雪山西稜,0.9,SM300,520,9,,林道起點-雪山西稜,林道起點(000)➡雙溪前營地(115)⇨,廢棄工寮(170)⇨合流山登山口(212)⇨大營地(260),24.286131,121.026482,252688,2686712
1.0K,雪山西稜,1,SM300,520,10,,林道起點-雪山西稜,林道起點(000)➡雙溪前營地(115)⇨,廢棄工寮(170)⇨合流山登山口(212)⇨大營地(260),24.286877,121.026814,252722,2686795
1.1K,雪山西稜,1.1,SM300,520,11,,林道起點-雪山西稜,林道起點(000)➡雙溪前營地(115)⇨,廢棄工寮(170)⇨合流山登山口(212)⇨大營地(260),24.287371,121.027596,252801,2686850
1.2K,雪山西稜,1.2,SM300,520,12,,林道起點-雪山西稜,林道起點(000)➡雙溪前營地(115)⇨,廢棄工寮(170)⇨合流山登山口(212)⇨大營地(260),24.28805,121.027617,252804,2686925
1.3K,雪山西稜,1.3,SM300,520,13,,林道起點-雪山西稜,林道起點(000)➡雙溪前營地(115)⇨,廢棄工寮(170)⇨合流山登山口(212)⇨大營地(260),24.288646,121.026974,252738,2686991
1.4K,雪山西稜,1.4,SM300,520,14,,林道起點-雪山西稜,林道起點(000)➡雙溪前營地(115)⇨,廢棄工寮(170)⇨合流山登山口(212)⇨大營地(260),24.289174,121.026408,252681,2687049
1.5k/1.5K,雪山西稜,1.5,SM300,520,15,,林道起點-雪山西稜,林道起點(000)➡雙溪前營地(115)⇨,廢棄工寮(170)⇨合流山登山口(212)⇨大營地(260),24.290114,121.026468,252687,2687153
1.6K,雪山西稜,1.6,SM300,520,16,,林道起點-雪山西稜,林道起點(000)➡雙溪前營地(115)⇨,廢棄工寮(170)⇨合流山登山口(212)⇨大營地(260),24.290426,121.025861,252625,2687188
1.7K,雪山西稜,1.7,SM300,520,17,,林道起點-雪山西稜,林道起點(000)➡雙溪前營地(115)⇨,廢棄工寮(170)⇨合流山登山口(212)⇨大營地(260),24.290457,121.024951,252533,2687191
1.8K,雪山西稜,1.8,SM300,520,18,,林道起點-雪山西稜,林道起點(000)➡雙溪前營地(115)⇨,廢棄工寮(170)⇨合流山登山口(212)⇨大營地(260),24.290754,121.024158,252452,2687224
1.9K,雪山西稜,1.9,SM300,520,19,,林道起點-雪山西稜,林道起點(000)➡雙溪前營地(115)⇨,廢棄工寮(170)⇨合流山登山口(212)⇨大營地(260),24.291198,121.023338,252369,2687273
2.0K,雪山西稜,2,SM300,520,20,,林道起點-雪山西稜,林道起點(000)➡雙溪前營地(115)⇨,廢棄工寮(170)⇨合流山登山口(212)⇨大營地(260),24.291819,121.02327,252362,2687342
2.1K,雪山西稜,2.1,SM300,520,21,,林道起點-雪山西稜,林道起點(000)➡雙溪前營地(115)⇨,廢棄工寮(170)⇨合流山登山口(212)⇨大營地(260),24.292225,121.024104,252447,2687387
2.2K,雪山西稜,2.2,SM300,520,22,,林道起點-雪山西稜,林道起點(000)➡雙溪前營地(115)⇨,廢棄工寮(170)⇨合流山登山口(212)⇨大營地(260),24.292461,121.024906,252528,2687413
2.3K,雪山西稜,2.3,SM300,520,23,,林道起點-雪山西稜,林道起點(000)➡雙溪前營地(115)⇨,廢棄工寮(170)⇨合流山登山口(212)⇨大營地(260),24.292994,121.025672,252606,2687472
2.4K,雪山西稜,2.4,SM300,520,24,,林道起點-雪山西稜,林道起點(000)➡雙溪前營地(115)⇨,廢棄工寮(170)⇨合流山登山口(212)⇨大營地(260),24.293443,121.026444,252684,2687522
2.5K,雪山西稜,2.5,SM300,520,25,,林道起點-雪山西稜,林道起點(000)➡雙溪前營地(115)⇨,廢棄工寮(170)⇨合流山登山口(212)⇨大營地(260),24.29384,121.027293,252770,2687566
2.6K,雪山西稜,2.6,SM300,520,26,,林道起點-雪山西稜,林道起點(000)➡雙溪前營地(115)⇨,廢棄工寮(170)⇨合流山登山口(212)⇨大營地(260),24.294362,121.02804,252846,2687624
2.7K,雪山西稜,2.7,SM300,520,27,,林道起點-雪山西稜,林道起點(000)➡雙溪前營地(115)⇨,廢棄工寮(170)⇨合流山登山口(212)⇨大營地(260),24.294456,121.028991,252943,2687634
2.8K,雪山西稜,2.8,SM300,520,28,,林道起點-雪山西稜,林道起點(000)➡雙溪前營地(115)⇨,廢棄工寮(170)⇨合流山登山口(212)⇨大營地(260),24.295084,121.029415,252986,2687704
2.9K,雪山西稜,2.9,SM300,520,29,,林道起點-雪山西稜,林道起點(000)➡雙溪前營地(115)⇨,廢棄工寮(170)⇨合流山登山口(212)⇨大營地(260),24.296024,121.029405,252985,2687808
3.0K,雪山西稜,3,SM300,520,30,,林道起點-雪山西稜,林道起點(000)➡雙溪前營地(115)⇨,廢棄工寮(170)⇨合流山登山口(212)⇨大營地(260),24.29647,121.030083,253054,2687857
水源/3.1K,雪山西稜,3.1,SM300,520,31,,林道起點-雪山西稜,林道起點(000)➡雙溪前營地(115)⇨,廢棄工寮(170)⇨合流山登山口(212)⇨大營地(260),24.296972,121.031116,253158,2687913
3.2K,雪山西稜,3.2,SM300,520,32,,林道起點-雪山西稜,林道起點(000)➡雙溪前營地(115)⇨,廢棄工寮(170)⇨合流山登山口(212)⇨大營地(260),24.297573,121.030514,253097,2687979
3.3K,雪山西稜,3.3,SM300,520,33,,林道起點-雪山西稜,林道起點(000)➡雙溪前營地(115)⇨,廢棄工寮(170)⇨合流山登山口(212)⇨大營地(260),24.298351,121.030657,253112,2688066
3.4K,雪山西稜,3.4,SM300,520,34,,林道起點-雪山西稜,林道起點(000)➡雙溪前營地(115)⇨,廢棄工寮(170)⇨合流山登山口(212)⇨大營地(260),24.299042,121.030566,253103,2688142
3.5K,雪山西稜,3.5,SM300,520,35,,林道起點-雪山西稜,林道起點(000)➡雙溪前營地(115)⇨,廢棄工寮(170)⇨合流山登山口(212)⇨大營地(260),24.299531,121.029832,253028,2688196
3.6K,雪山西稜,3.6,SM300,520,36,,林道起點-雪山西稜,林道起點(000)➡雙溪前營地(115)⇨,廢棄工寮(170)⇨合流山登山口(212)⇨大營地(260),24.300324,121.029384,252983,2688284
3.7K,雪山西稜,3.7,SM300,520,37,,林道起點-雪山西稜,林道起點(000)➡雙溪前營地(115)⇨,廢棄工寮(170)⇨合流山登山口(212)⇨大營地(260),24.300776,121.028772,252920,2688334
3.8K,雪山西稜,3.8,SM300,520,38,,林道起點-雪山西稜,林道起點(000)➡雙溪前營地(115)⇨,廢棄工寮(170)⇨合流山登山口(212)⇨大營地(260),24.301105,121.02785,252827,2688371
3.9K,雪山西稜,3.9,SM300,520,39,,林道起點-雪山西稜,林道起點(000)➡雙溪前營地(115)⇨,廢棄工寮(170)⇨合流山登山口(212)⇨大營地(260),24.301346,121.027005,252741,2688397
4.0K,雪山西稜,4,SM300,520,40,,林道起點-雪山西稜,林道起點(000)➡雙溪前營地(115)⇨,廢棄工寮(170)⇨合流山登山口(212)⇨大營地(260),24.301956,121.026835,252724,2688465
4.1K,雪山西稜,4.1,SM300,520,41,,林道起點-雪山西稜,林道起點(000)➡雙溪前營地(115)⇨,廢棄工寮(170)⇨合流山登山口(212)⇨大營地(260),24.302911,121.027294,252770,2688571
4.2K,雪山西稜,4.2,SM300,520,42,,林道起點-雪山西稜,林道起點(000)➡雙溪前營地(115)⇨,廢棄工寮(170)⇨合流山登山口(212)⇨大營地(260),24.303643,121.026918,252732,2688652
4.3K,雪山西稜,4.3,SM300,520,43,,林道起點-雪山西稜,林道起點(000)➡雙溪前營地(115)⇨,廢棄工寮(170)⇨合流山登山口(212)⇨大營地(260),24.304155,121.026127,252652,2688708
4.4K,雪山西稜,4.4,SM300,520,44,,林道起點-雪山西稜,林道起點(000)➡雙溪前營地(115)⇨,廢棄工寮(170)⇨合流山登山口(212)⇨大營地(260),24.304662,121.025256,252564,2688764
4.5K,雪山西稜,4.5,SM300,520,45,,林道起點-雪山西稜,林道起點(000)➡雙溪前營地(115)⇨,廢棄工寮(170)⇨合流山登山口(212)⇨大營地(260),24.305445,121.02493,252530,2688851
4.6K,雪山西稜,4.6,SM300,520,46,,林道起點-雪山西稜,林道起點(000)➡雙溪前營地(115)⇨,廢棄工寮(170)⇨合流山登山口(212)⇨大營地(260),24.306317,121.025071,252545,2688948
4.7K雪霸界碑,雪山西稜,4.7,SM300,520,47,,林道起點-雪山西稜,林道起點(000)➡雙溪前營地(115)⇨,廢棄工寮(170)⇨合流山登山口(212)⇨大營地(260),24.307151,121.024679,252505,2689040
4.8K,雪山西稜,4.8,SM300,520,48,,林道起點-雪山西稜,林道起點(000)➡雙溪前營地(115)⇨,廢棄工寮(170)⇨合流山登山口(212)⇨大營地(260),24.30738,121.025593,252598,2689066
4.9K,雪山西稜,4.9,SM300,520,49,,林道起點-雪山西稜,林道起點(000)➡雙溪前營地(115)⇨,廢棄工寮(170)⇨合流山登山口(212)⇨大營地(260),24.308141,121.025784,252617,2689150
5.0K,雪山西稜,5,SM300,520,50,,林道起點-雪山西稜,林道起點(000)➡雙溪前營地(115)⇨,廢棄工寮(170)⇨合流山登山口(212)⇨大營地(260),24.308857,121.02604,252643,2689229
5.1K,雪山西稜,5.1,SM300,520,51,,林道起點-雪山西稜,林道起點(000)➡雙溪前營地(115)⇨,廢棄工寮(170)⇨合流山登山口(212)⇨大營地(260),24.309698,121.025998,252639,2689322
5.2K,雪山西稜,5.2,SM300,520,52,,林道起點-雪山西稜,林道起點(000)➡雙溪前營地(115)⇨,廢棄工寮(170)⇨合流山登山口(212)⇨大營地(260),24.31007,121.026873,252728,2689363
5.3K,雪山西稜,5.3,SM300,520,53,,林道起點-雪山西稜,林道起點(000)➡雙溪前營地(115)⇨,廢棄工寮(170)⇨合流山登山口(212)⇨大營地(260),24.310248,121.027826,252824,2689383
5.4K,雪山西稜,5.4,SM300,520,54,,林道起點-雪山西稜,林道起點(000)➡雙溪前營地(115)⇨,廢棄工寮(170)⇨合流山登山口(212)⇨大營地(260),24.310435,121.028654,252908,2689404
5.5K,雪山西稜,5.5,SM300,520,55,,林道起點-雪山西稜,林道起點(000)➡雙溪前營地(115)⇨,廢棄工寮(170)⇨合流山登山口(212)⇨大營地(260),24.310938,121.02941,252985,2689460
5.6K,雪山西稜,5.6,SM300,520,56,,林道起點-雪山西稜,林道起點(000)➡雙溪前營地(115)⇨,廢棄工寮(170)⇨合流山登山口(212)⇨大營地(260),24.310468,121.03014,253059,2689408
5.7K,雪山西稜,5.7,SM300,520,57,,林道起點-雪山西稜,林道起點(000)➡雙溪前營地(115)⇨,廢棄工寮(170)⇨合流山登山口(212)⇨大營地(260),24.309732,121.0306,253106,2689326
5.8K,雪山西稜,5.8,SM300,520,58,,林道起點-雪山西稜,林道起點(000)➡雙溪前營地(115)⇨,廢棄工寮(170)⇨合流山登山口(212)⇨大營地(260),24.309136,121.03115,253162,2689260
5.9K,雪山西稜,5.9,SM300,520,59,,林道起點-雪山西稜,林道起點(000)➡雙溪前營地(115)⇨,廢棄工寮(170)⇨合流山登山口(212)⇨大營地(260),24.309722,121.031831,253231,2689325
6.0K,雪山西稜,6,SM300,520,60,,林道起點-雪山西稜,林道起點(000)➡雙溪前營地(115)⇨,廢棄工寮(170)⇨合流山登山口(212)⇨大營地(260),24.310544,121.032043,253252,2689416
6.1K,雪山西稜,6.1,SM300,520,61,,林道起點-雪山西稜,林道起點(000)➡雙溪前營地(115)⇨,廢棄工寮(170)⇨合流山登山口(212)⇨大營地(260),24.311478,121.032321,253280,2689520
6.2K,雪山西稜,6.2,SM300,520,62,,林道起點-雪山西稜,林道起點(000)➡雙溪前營地(115)⇨,廢棄工寮(170)⇨合流山登山口(212)⇨大營地(260),24.311297,121.033016,253351,2689499
6.3K,雪山西稜,6.3,SM300,520,63,,林道起點-雪山西稜,林道起點(000)➡雙溪前營地(115)⇨,廢棄工寮(170)⇨合流山登山口(212)⇨大營地(260),24.310373,121.033133,253363,2689397
6.4K,雪山西稜,6.4,SM300,520,64,,林道起點-雪山西稜,林道起點(000)➡雙溪前營地(115)⇨,廢棄工寮(170)⇨合流山登山口(212)⇨大營地(260),24.309427,121.033224,253372,2689292
6.5K,雪山西稜,6.5,SM300,520,65,,林道起點-雪山西稜,林道起點(000)➡雙溪前營地(115)⇨,廢棄工寮(170)⇨合流山登山口(212)⇨大營地(260),24.308464,121.033194,253369,2689186
6.6K,雪山西稜,6.6,SM300,520,66,,林道起點-雪山西稜,林道起點(000)➡雙溪前營地(115)⇨,廢棄工寮(170)⇨合流山登山口(212)⇨大營地(260),24.307598,121.03329,253379,2689090
6.7K,雪山西稜,6.7,SM300,520,67,,林道起點-雪山西稜,林道起點(000)➡雙溪前營地(115)⇨,廢棄工寮(170)⇨合流山登山口(212)⇨大營地(260),24.306743,121.033244,253374,2688995
6.8K,雪山西稜,6.8,SM300,520,68,,林道起點-雪山西稜,林道起點(000)➡雙溪前營地(115)⇨,廢棄工寮(170)⇨合流山登山口(212)⇨大營地(260),24.306017,121.033643,253415,2688915
6.9K,雪山西稜,6.9,SM300,520,69,,林道起點-雪山西稜,林道起點(000)➡雙溪前營地(115)⇨,廢棄工寮(170)⇨合流山登山口(212)⇨大營地(260),24.306148,121.034543,253506,2688929
7.0K,雪山西稜,7,SM300,520,70,,林道起點-雪山西稜,林道起點(000)➡雙溪前營地(115)⇨,廢棄工寮(170)⇨合流山登山口(212)⇨大營地(260),24.305531,121.034614,253513,2688861
7.1K,雪山西稜,7.1,SM300,520,71,,林道起點-雪山西稜,林道起點(000)➡雙溪前營地(115)⇨,廢棄工寮(170)⇨合流山登山口(212)⇨大營地(260),24.30497,121.035033,253556,2688799
7.2K,雪山西稜,7.2,SM300,520,72,,林道起點-雪山西稜,林道起點(000)➡雙溪前營地(115)⇨,廢棄工寮(170)⇨合流山登山口(212)⇨大營地(260),24.304242,121.035503,253604,2688718
7.3K,雪山西稜,7.3,SM300,520,73,,林道起點-雪山西稜,林道起點(000)➡雙溪前營地(115)⇨,廢棄工寮(170)⇨合流山登山口(212)⇨大營地(260),24.303457,121.036,253654,2688631
7.4K,雪山西稜,7.4,SM300,520,74,,林道起點-雪山西稜,林道起點(000)➡雙溪前營地(115)⇨,廢棄工寮(170)⇨合流山登山口(212)⇨大營地(260),24.303334,121.036608,253716,2688618
7.5K,雪山西稜,7.5,SM300,520,75,,林道起點-雪山西稜,林道起點(000)➡雙溪前營地(115)⇨,廢棄工寮(170)⇨合流山登山口(212)⇨大營地(260),24.304055,121.037169,253773,2688698
7.6K,雪山西稜,7.6,SM300,520,76,,林道起點-雪山西稜,林道起點(000)➡雙溪前營地(115)⇨,廢棄工寮(170)⇨合流山登山口(212)⇨大營地(260),24.304649,121.037958,253853,2688763
7.7K,雪山西稜,7.7,SM300,520,77,,林道起點-雪山西稜,林道起點(000)➡雙溪前營地(115)⇨,廢棄工寮(170)⇨合流山登山口(212)⇨大營地(260),24.30539,121.038534,253911,2688845
7.8K,雪山西稜,7.8,SM300,520,78,,林道起點-雪山西稜,林道起點(000)➡雙溪前營地(115)⇨,廢棄工寮(170)⇨合流山登山口(212)⇨大營地(260),24.306214,121.039065,253965,2688937
7.9K,雪山西稜,7.9,SM300,520,79,,林道起點-雪山西稜,林道起點(000)➡雙溪前營地(115)⇨,廢棄工寮(170)⇨合流山登山口(212)⇨大營地(260),24.306943,121.039599,254019,2689017
8.0K,雪山西稜,8,SM300,520,80,,林道起點-雪山西稜,林道起點(000)➡雙溪前營地(115)⇨,廢棄工寮(170)⇨合流山登山口(212)⇨大營地(260),24.306542,121.040044,254064,2688973
8.1K,雪山西稜,8.1,SM300,520,81,,林道起點-雪山西稜,林道起點(000)➡雙溪前營地(115)⇨,廢棄工寮(170)⇨合流山登山口(212)⇨大營地(260),24.305937,121.040267,254087,2688906
8.2K,雪山西稜,8.2,SM300,520,82,,林道起點-雪山西稜,林道起點(000)➡雙溪前營地(115)⇨,廢棄工寮(170)⇨合流山登山口(212)⇨大營地(260),24.305521,121.040796,254141,2688860
8.3K,雪山西稜,8.3,SM300,520,83,,林道起點-雪山西稜,林道起點(000)➡雙溪前營地(115)⇨,廢棄工寮(170)⇨合流山登山口(212)⇨大營地(260),24.30511,121.041313,254193,2688814
8.4K,雪山西稜,8.4,SM300,520,84,,林道起點-雪山西稜,林道起點(000)➡雙溪前營地(115)⇨,廢棄工寮(170)⇨合流山登山口(212)⇨大營地(260),24.304781,121.041892,254252,2688778
8.5K,雪山西稜,8.5,SM300,520,85,,林道起點-雪山西稜,林道起點(000)➡雙溪前營地(115)⇨,廢棄工寮(170)⇨合流山登山口(212)⇨大營地(260),24.304262,121.042186,254282,2688721
8.6K,雪山西稜,8.6,SM300,520,86,,林道起點-雪山西稜,林道起點(000)➡雙溪前營地(115)⇨,廢棄工寮(170)⇨合流山登山口(212)⇨大營地(260),24.303951,121.042849,254349,2688686
8.7K,雪山西稜,8.7,SM300,520,87,,林道起點-雪山西稜,林道起點(000)➡雙溪前營地(115)⇨,廢棄工寮(170)⇨合流山登山口(212)⇨大營地(260),24.303575,121.043403,254405,2688645
8.8K,雪山西稜,8.8,SM300,520,88,,林道起點-雪山西稜,林道起點(000)➡雙溪前營地(115)⇨,廢棄工寮(170)⇨合流山登山口(212)⇨大營地(260),24.303033,121.043703,254436,2688585
8.9K,雪山西稜,8.9,SM300,520,89,,林道起點-雪山西稜,林道起點(000)➡雙溪前營地(115)⇨,廢棄工寮(170)⇨合流山登山口(212)⇨大營地(260),24.302579,121.044202,254487,2688534
9.0K,雪山西稜,9,SM300,520,90,,林道起點-雪山西稜,林道起點(000)➡雙溪前營地(115)⇨,廢棄工寮(170)⇨合流山登山口(212)⇨大營地(260),24.303329,121.045372,254605,2688617
9.1K,雪山西稜,9.1,SM300,520,91,,林道起點-雪山西稜,林道起點(000)➡雙溪前營地(115)⇨,廢棄工寮(170)⇨合流山登山口(212)⇨大營地(260),24.30417,121.045629,254631,2688711
9.2K,雪山西稜,9.2,SM300,520,92,,林道起點-雪山西稜,林道起點(000)➡雙溪前營地(115)⇨,廢棄工寮(170)⇨合流山登山口(212)⇨大營地(260),24.304558,121.046463,254716,2688754
9.3K,雪山西稜,9.3,SM300,520,93,,林道起點-雪山西稜,林道起點(000)➡雙溪前營地(115)⇨,廢棄工寮(170)⇨合流山登山口(212)⇨大營地(260),24.305098,121.047121,254783,2688813
9.4K,雪山西稜,9.4,SM300,520,94,,林道起點-雪山西稜,林道起點(000)➡雙溪前營地(115)⇨,廢棄工寮(170)⇨合流山登山口(212)⇨大營地(260),24.305556,121.047608,254832,2688864
9.5k,雪山西稜,9.5,SM300,520,95,,林道起點-雪山西稜,林道起點(000)➡雙溪前營地(115)⇨,廢棄工寮(170)⇨合流山登山口(212)⇨大營地(260),24.30567,121.048066,254879,2688877
9.6K,雪山西稜,9.6,SM300,520,96,,林道起點-雪山西稜,林道起點(000)➡雙溪前營地(115)⇨,廢棄工寮(170)⇨合流山登山口(212)⇨大營地(260),24.306491,121.048208,254893,2688968
9.7K,雪山西稜,9.7,SM300,520,97,,林道起點-雪山西稜,林道起點(000)➡雙溪前營地(115)⇨,廢棄工寮(170)⇨合流山登山口(212)⇨大營地(260),24.307056,121.048924,254966,2689030
9.8K,雪山西稜,9.8,SM300,520,98,,林道起點-雪山西稜,林道起點(000)➡雙溪前營地(115)⇨,廢棄工寮(170)⇨合流山登山口(212)⇨大營地(260),24.307494,121.049747,255049,2689079
9.9K,雪山西稜,9.9,SM300,520,99,,林道起點-雪山西稜,林道起點(000)➡雙溪前營地(115)⇨,廢棄工寮(170)⇨合流山登山口(212)⇨大營地(260),24.308129,121.050463,255122,2689149
10.0K,雪山西稜,10,SM300,520,100,,林道起點-雪山西稜,林道起點(000)➡雙溪前營地(115)⇨,廢棄工寮(170)⇨合流山登山口(212)⇨大營地(260),24.30897,121.050608,255137,2689242
10.1K,雪山西稜,10.1,SM300,520,101,,林道起點-雪山西稜,林道起點(000)➡雙溪前營地(115)⇨,廢棄工寮(170)⇨合流山登山口(212)⇨大營地(260),24.309981,121.050355,255111,2689354
10.2K,雪山西稜,10.2,SM300,520,102,,林道起點-雪山西稜,林道起點(000)➡雙溪前營地(115)⇨,廢棄工寮(170)⇨合流山登山口(212)⇨大營地(260),24.310533,121.049514,255025,2689415
10.3K,雪山西稜,10.3,SM300,520,103,,林道起點-雪山西稜,林道起點(000)➡雙溪前營地(115)⇨,廢棄工寮(170)⇨合流山登山口(212)⇨大營地(260),24.31146,121.049432,255017,2689518
10.4K,雪山西稜,10.4,SM300,520,104,,林道起點-雪山西稜,林道起點(000)➡雙溪前營地(115)⇨,廢棄工寮(170)⇨合流山登山口(212)⇨大營地(260),24.312333,121.049773,255052,2689615
10.5k,雪山西稜,10.5,SM300,520,105,,林道起點-雪山西稜,林道起點(000)➡雙溪前營地(115)⇨,廢棄工寮(170)⇨合流山登山口(212)⇨大營地(260),24.312725,121.050733,255149,2689658
10.6K,雪山西稜,10.6,SM300,520,106,,林道起點-雪山西稜,林道起點(000)➡雙溪前營地(115)⇨,廢棄工寮(170)⇨合流山登山口(212)⇨大營地(260),24.313478,121.051107,255187,2689742
10.7K,雪山西稜,10.7,SM300,520,107,,林道起點-雪山西稜,林道起點(000)➡雙溪前營地(115)⇨,廢棄工寮(170)⇨合流山登山口(212)⇨大營地(260),24.314222,121.050871,255163,2689824
10.8K,雪山西稜,10.8,SM300,520,108,,林道起點-雪山西稜,林道起點(000)➡雙溪前營地(115)⇨,廢棄工寮(170)⇨合流山登山口(212)⇨大營地(260),24.314968,121.051263,255203,2689907
10.9K,雪山西稜,10.9,SM300,520,109,,林道起點-雪山西稜,林道起點(000)➡雙溪前營地(115)⇨,廢棄工寮(170)⇨合流山登山口(212)⇨大營地(260),24.3158,121.051424,255219,2689999
11.0K,雪山西稜,11,SM300,520,110,,林道起點-雪山西稜,林道起點(000)➡雙溪前營地(115)⇨,廢棄工寮(170)⇨合流山登山口(212)⇨大營地(260),24.31664,121.051283,255205,2690092
11.1K,雪山西稜,11.1,SM300,520,111,,林道起點-雪山西稜,林道起點(000)➡雙溪前營地(115)⇨,廢棄工寮(170)⇨合流山登山口(212)⇨大營地(260),24.317511,121.051703,255247,2690188
11.2K,雪山西稜,11.2,SM300,520,112,,林道起點-雪山西稜,林道起點(000)➡雙溪前營地(115)⇨,廢棄工寮(170)⇨合流山登山口(212)⇨大營地(260),24.318389,121.052382,255316,2690286
11.3K,雪山西稜,11.3,SM300,520,113,,林道起點-雪山西稜,林道起點(000)➡雙溪前營地(115)⇨,廢棄工寮(170)⇨合流山登山口(212)⇨大營地(260),24.318552,121.053432,255423,2690304
11.4K,雪山西稜,11.4,SM300,520,114,,林道起點-雪山西稜,林道起點(000)➡雙溪前營地(115)⇨,廢棄工寮(170)⇨合流山登山口(212)⇨大營地(260),24.317561,121.053996,255480,2690194
11.5K雙溪營地,雪山西稜,11.5,SM300,520,115,雙溪前營地,林道起點-雪山西稜,林道起點(000)⇨雙溪前營地(115)➡,廢棄工寮(170)⇨合流山登山口(212)⇨大營地(260),24.317473,121.054562,255538,2690184
11.6K,雪山西稜,11.6,SM300,520,116,,林道起點-雪山西稜,林道起點(000)⇨雙溪前營地(115)➡,廢棄工寮(170)⇨合流山登山口(212)⇨大營地(260),24.318192,121.054787,255560,2690264
11.7K,雪山西稜,11.7,SM300,520,117,,林道起點-雪山西稜,林道起點(000)⇨雙溪前營地(115)➡,廢棄工寮(170)⇨合流山登山口(212)⇨大營地(260),24.318922,121.055057,255588,2690345
11.8K,雪山西稜,11.8,SM300,520,118,,林道起點-雪山西稜,林道起點(000)⇨雙溪前營地(115)➡,廢棄工寮(170)⇨合流山登山口(212)⇨大營地(260),24.319428,121.055667,255650,2690401
11.9K,雪山西稜,11.9,SM300,520,119,,林道起點-雪山西稜,林道起點(000)⇨雙溪前營地(115)➡,廢棄工寮(170)⇨合流山登山口(212)⇨大營地(260),24.320058,121.056181,255702,2690471
12.0K,雪山西稜,12,SM300,520,120,,林道起點-雪山西稜,林道起點(000)⇨雙溪前營地(115)➡,廢棄工寮(170)⇨合流山登山口(212)⇨大營地(260),24.320599,121.056618,255746,2690530
12.1K,雪山西稜,12.1,SM300,520,121,,林道起點-雪山西稜,林道起點(000)⇨雙溪前營地(115)➡,廢棄工寮(170)⇨合流山登山口(212)⇨大營地(260),24.320214,121.057113,255796,2690488
12.2K,雪山西稜,12.2,SM300,520,122,,林道起點-雪山西稜,林道起點(000)⇨雙溪前營地(115)➡,廢棄工寮(170)⇨合流山登山口(212)⇨大營地(260),24.320031,121.057724,255858,2690468
12.3K水源,雪山西稜,12.3,SM300,520,123,,林道起點-雪山西稜,林道起點(000)⇨雙溪前營地(115)➡,廢棄工寮(170)⇨合流山登山口(212)⇨大營地(260),24.319728,121.058334,255920,2690434
12.4K,雪山西稜,12.4,SM300,520,124,,林道起點-雪山西稜,林道起點(000)⇨雙溪前營地(115)➡,廢棄工寮(170)⇨合流山登山口(212)⇨大營地(260),24.320269,121.058511,255938,2690494
12.5K,雪山西稜,12.5,SM300,520,125,,林道起點-雪山西稜,林道起點(000)⇨雙溪前營地(115)➡,廢棄工寮(170)⇨合流山登山口(212)⇨大營地(260),24.320913,121.058293,255916,2690565
12.6K,雪山西稜,12.6,SM300,520,126,,林道起點-雪山西稜,林道起點(000)⇨雙溪前營地(115)➡,廢棄工寮(170)⇨合流山登山口(212)⇨大營地(260),24.321647,121.058102,255897,2690647
12.7K,雪山西稜,12.7,SM300,520,127,,林道起點-雪山西稜,林道起點(000)⇨雙溪前營地(115)➡,廢棄工寮(170)⇨合流山登山口(212)⇨大營地(260),24.322289,121.057627,255848,2690718
12.8K,雪山西稜,12.8,SM300,520,128,,林道起點-雪山西稜,林道起點(000)⇨雙溪前營地(115)➡,廢棄工寮(170)⇨合流山登山口(212)⇨大營地(260),24.322627,121.056848,255769,2690755
12.9K,雪山西稜,12.9,SM300,520,129,,林道起點-雪山西稜,林道起點(000)⇨雙溪前營地(115)➡,廢棄工寮(170)⇨合流山登山口(212)⇨大營地(260),24.323026,121.056211,255705,2690799
13.0K,雪山西稜,13,SM300,520,130,,林道起點-雪山西稜,林道起點(000)⇨雙溪前營地(115)➡,廢棄工寮(170)⇨合流山登山口(212)⇨大營地(260),24.322963,121.055414,255624,2690792
13.1K,雪山西稜,13.1,SM300,520,131,,林道起點-雪山西稜,林道起點(000)⇨雙溪前營地(115)➡,廢棄工寮(170)⇨合流山登山口(212)⇨大營地(260),24.323497,121.054763,255558,2690851
13.2K,雪山西稜,13.2,SM300,520,132,,林道起點-雪山西稜,林道起點(000)⇨雙溪前營地(115)➡,廢棄工寮(170)⇨合流山登山口(212)⇨大營地(260),24.324003,121.054084,255489,2690907
13.3K,雪山西稜,13.3,SM300,520,133,,林道起點-雪山西稜,林道起點(000)⇨雙溪前營地(115)➡,廢棄工寮(170)⇨合流山登山口(212)⇨大營地(260),24.324793,121.054378,255519,2690995
13.4K,雪山西稜,13.4,SM300,520,134,,林道起點-雪山西稜,林道起點(000)⇨雙溪前營地(115)➡,廢棄工寮(170)⇨合流山登山口(212)⇨大營地(260),24.325542,121.054756,255557,2691078
13.5K,雪山西稜,13.5,SM300,520,135,,林道起點-雪山西稜,林道起點(000)⇨雙溪前營地(115)➡,廢棄工寮(170)⇨合流山登山口(212)⇨大營地(260),24.325505,121.05571,255654,2691074
13.6K,雪山西稜,13.6,SM300,520,136,,林道起點-雪山西稜,林道起點(000)⇨雙溪前營地(115)➡,廢棄工寮(170)⇨合流山登山口(212)⇨大營地(260),24.325601,121.056706,255755,2691084
13.7K,雪山西稜,13.7,SM300,520,137,,林道起點-雪山西稜,林道起點(000)⇨雙溪前營地(115)➡,廢棄工寮(170)⇨合流山登山口(212)⇨大營地(260),24.325908,121.057492,255835,2691118
13.8K,雪山西稜,13.8,SM300,520,138,,林道起點-雪山西稜,林道起點(000)⇨雙溪前營地(115)➡,廢棄工寮(170)⇨合流山登山口(212)⇨大營地(260),24.325966,121.058288,255915,2691125
13.9K,雪山西稜,13.9,SM300,520,139,,林道起點-雪山西稜,林道起點(000)⇨雙溪前營地(115)➡,廢棄工寮(170)⇨合流山登山口(212)⇨大營地(260),24.326439,121.058881,255975,2691177
14.0K,雪山西稜,14,SM300,520,140,,林道起點-雪山西稜,林道起點(000)⇨雙溪前營地(115)➡,廢棄工寮(170)⇨合流山登山口(212)⇨大營地(260),24.327108,121.059314,256019,2691251
14.1K,雪山西稜,14.1,SM300,520,141,,林道起點-雪山西稜,林道起點(000)⇨雙溪前營地(115)➡,廢棄工寮(170)⇨合流山登山口(212)⇨大營地(260),24.326994,121.060038,256093,2691239
14.2K,雪山西稜,14.2,SM300,520,142,,林道起點-雪山西稜,林道起點(000)⇨雙溪前營地(115)➡,廢棄工寮(170)⇨合流山登山口(212)⇨大營地(260),24.326423,121.060519,256142,2691176
14.3K,雪山西稜,14.3,SM300,520,143,,林道起點-雪山西稜,林道起點(000)⇨雙溪前營地(115)➡,廢棄工寮(170)⇨合流山登山口(212)⇨大營地(260),24.326707,121.061228,256214,2691207
14.4K,雪山西稜,14.4,SM300,520,144,,林道起點-雪山西稜,林道起點(000)⇨雙溪前營地(115)➡,廢棄工寮(170)⇨合流山登山口(212)⇨大營地(260),24.327285,121.061553,256247,2691271
14.5K,雪山西稜,14.5,SM300,520,145,,林道起點-雪山西稜,林道起點(000)⇨雙溪前營地(115)➡,廢棄工寮(170)⇨合流山登山口(212)⇨大營地(260),24.327991,121.061588,256250,2691349
14.6K,雪山西稜,14.6,SM300,520,146,,林道起點-雪山西稜,林道起點(000)⇨雙溪前營地(115)➡,廢棄工寮(170)⇨合流山登山口(212)⇨大營地(260),24.328699,121.062069,256299,2691428
14.7K,雪山西稜,14.7,SM300,520,147,,林道起點-雪山西稜,林道起點(000)⇨雙溪前營地(115)➡,廢棄工寮(170)⇨合流山登山口(212)⇨大營地(260),24.329288,121.062641,256357,2691493
14.8K,雪山西稜,14.8,SM300,520,148,,林道起點-雪山西稜,林道起點(000)⇨雙溪前營地(115)➡,廢棄工寮(170)⇨合流山登山口(212)⇨大營地(260),24.329862,121.063025,256396,2691557
14.9K,雪山西稜,14.9,SM300,520,149,,林道起點-雪山西稜,林道起點(000)⇨雙溪前營地(115)➡,廢棄工寮(170)⇨合流山登山口(212)⇨大營地(260),24.330483,121.063217,256415,2691625
15.0K,雪山西稜,15,SM300,520,150,,林道起點-雪山西稜,林道起點(000)⇨雙溪前營地(115)➡,廢棄工寮(170)⇨合流山登山口(212)⇨大營地(260),24.3312,121.063213,256415,2691705
15.1K,雪山西稜,15.1,SM300,520,151,,林道起點-雪山西稜,林道起點(000)⇨雙溪前營地(115)➡,廢棄工寮(170)⇨合流山登山口(212)⇨大營地(260),24.331067,121.064021,256497,2691690
15.2K,雪山西稜,15.2,SM300,520,152,,林道起點-雪山西稜,林道起點(000)⇨雙溪前營地(115)➡,廢棄工寮(170)⇨合流山登山口(212)⇨大營地(260),24.331165,121.064809,256577,2691701
15.3K,雪山西稜,15.3,SM300,520,153,,林道起點-雪山西稜,林道起點(000)⇨雙溪前營地(115)➡,廢棄工寮(170)⇨合流山登山口(212)⇨大營地(260),24.330859,121.065584,256655,2691667
15.4K,雪山西稜,15.4,SM300,520,154,,林道起點-雪山西稜,林道起點(000)⇨雙溪前營地(115)➡,廢棄工寮(170)⇨合流山登山口(212)⇨大營地(260),24.330377,121.066238,256722,2691614
15.5K,雪山西稜,15.5,SM300,520,155,,林道起點-雪山西稜,林道起點(000)⇨雙溪前營地(115)➡,廢棄工寮(170)⇨合流山登山口(212)⇨大營地(260),24.329851,121.066834,256782,2691556
15.6K,雪山西稜,15.6,SM300,520,156,,林道起點-雪山西稜,林道起點(000)⇨雙溪前營地(115)➡,廢棄工寮(170)⇨合流山登山口(212)⇨大營地(260),24.330357,121.067284,256828,2691612
15.7K,雪山西稜,15.7,SM300,520,157,,林道起點-雪山西稜,林道起點(000)⇨雙溪前營地(115)➡,廢棄工寮(170)⇨合流山登山口(212)⇨大營地(260),24.331143,121.06738,256838,2691699
15.8K,雪山西稜,15.8,SM300,520,158,,林道起點-雪山西稜,林道起點(000)⇨雙溪前營地(115)➡,廢棄工寮(170)⇨合流山登山口(212)⇨大營地(260),24.331299,121.068168,256918,2691716
15.9K,雪山西稜,15.9,SM300,520,159,,林道起點-雪山西稜,林道起點(000)⇨雙溪前營地(115)➡,廢棄工寮(170)⇨合流山登山口(212)⇨大營地(260),24.331946,121.068682,256970,2691788
16.0K,雪山西稜,16,SM300,520,160,,林道起點-雪山西稜,林道起點(000)⇨雙溪前營地(115)➡,廢棄工寮(170)⇨合流山登山口(212)⇨大營地(260),24.332614,121.069144,257017,2691862
16.1K水源,雪山西稜,16.1,SM300,520,161,,林道起點-雪山西稜,林道起點(000)⇨雙溪前營地(115)➡,廢棄工寮(170)⇨合流山登山口(212)⇨大營地(260),24.332941,121.069939,257097,2691898
16.2K,雪山西稜,16.2,SM300,520,162,,林道起點-雪山西稜,林道起點(000)⇨雙溪前營地(115)➡,廢棄工寮(170)⇨合流山登山口(212)⇨大營地(260),24.333452,121.069513,257054,2691955
16.3K,雪山西稜,16.3,SM300,520,163,,林道起點-雪山西稜,林道起點(000)⇨雙溪前營地(115)➡,廢棄工寮(170)⇨合流山登山口(212)⇨大營地(260),24.333539,121.068623,256964,2691964
16.4K,雪山西稜,16.4,SM300,520,164,,林道起點-雪山西稜,林道起點(000)⇨雙溪前營地(115)➡,廢棄工寮(170)⇨合流山登山口(212)⇨大營地(260),24.333156,121.067901,256890,2691922
16.5K,雪山西稜,16.5,SM300,520,165,,林道起點-雪山西稜,林道起點(000)⇨雙溪前營地(115)➡,廢棄工寮(170)⇨合流山登山口(212)⇨大營地(260),24.333392,121.067084,256808,2691948
16.6K,雪山西稜,16.6,SM300,520,166,,林道起點-雪山西稜,林道起點(000)⇨雙溪前營地(115)➡,廢棄工寮(170)⇨合流山登山口(212)⇨大營地(260),24.33401,121.066456,256744,2692016
16.7K,雪山西稜,16.7,SM300,520,167,,林道起點-雪山西稜,林道起點(000)⇨雙溪前營地(115)➡,廢棄工寮(170)⇨合流山登山口(212)⇨大營地(260),24.334775,121.066166,256714,2692101
16.8K,雪山西稜,16.8,SM300,520,168,,林道起點-雪山西稜,林道起點(000)⇨雙溪前營地(115)➡,廢棄工寮(170)⇨合流山登山口(212)⇨大營地(260),24.33501,121.065498,256647,2692127
16.9K,雪山西稜,16.9,SM300,520,169,,林道起點-雪山西稜,林道起點(000)⇨雙溪前營地(115)➡,廢棄工寮(170)⇨合流山登山口(212)⇨大營地(260),24.334783,121.064646,256560,2692102
17.0K工寮,雪山西稜,17,SM300,520,170,廢棄工寮,林道起點-雪山西稜,林道起點(000)⇨雙溪前營地(115)⇨,廢棄工寮(170)➡合流山登山口(212)⇨大營地(260),24.335035,121.063798,256474,2692130
17.1K,雪山西稜,17.1,SM300,520,171,,林道起點-雪山西稜,林道起點(000)⇨雙溪前營地(115)⇨,廢棄工寮(170)➡合流山登山口(212)⇨大營地(260),24.335478,121.063253,256419,2692179
17.2K,雪山西稜,17.2,SM300,520,172,,林道起點-雪山西稜,林道起點(000)⇨雙溪前營地(115)⇨,廢棄工寮(170)➡合流山登山口(212)⇨大營地(260),24.335563,121.062546,256347,2692188
17.3K,雪山西稜,17.3,SM300,520,173,,林道起點-雪山西稜,林道起點(000)⇨雙溪前營地(115)⇨,廢棄工寮(170)➡合流山登山口(212)⇨大營地(260),24.336233,121.062473,256339,2692262
17.4K,雪山西稜,17.4,SM300,520,174,,林道起點-雪山西稜,林道起點(000)⇨雙溪前營地(115)⇨,廢棄工寮(170)➡合流山登山口(212)⇨大營地(260),24.336685,121.062017,256293,2692312
17.5K,雪山西稜,17.5,SM300,520,175,,林道起點-雪山西稜,林道起點(000)⇨雙溪前營地(115)⇨,廢棄工寮(170)➡合流山登山口(212)⇨大營地(260),24.336833,121.061282,256219,2692329
17.6K,雪山西稜,17.6,SM300,520,176,,林道起點-雪山西稜,林道起點(000)⇨雙溪前營地(115)⇨,廢棄工寮(170)➡合流山登山口(212)⇨大營地(260),24.337272,121.060561,256145,2692377
17.7K,雪山西稜,17.7,SM300,520,177,,林道起點-雪山西稜,林道起點(000)⇨雙溪前營地(115)⇨,廢棄工寮(170)➡合流山登山口(212)⇨大營地(260),24.337848,121.060107,256099,2692441
17.8K,雪山西稜,17.8,SM300,520,178,,林道起點-雪山西稜,林道起點(000)⇨雙溪前營地(115)⇨,廢棄工寮(170)➡合流山登山口(212)⇨大營地(260),24.338461,121.059751,256063,2692509
17.9K,雪山西稜,17.9,SM300,520,179,,林道起點-雪山西稜,林道起點(000)⇨雙溪前營地(115)⇨,廢棄工寮(170)➡合流山登山口(212)⇨大營地(260),24.339085,121.059352,256023,2692578
18.0K,雪山西稜,18,SM300,520,180,,林道起點-雪山西稜,林道起點(000)⇨雙溪前營地(115)⇨,廢棄工寮(170)➡合流山登山口(212)⇨大營地(260),24.33978,121.05953,256041,2692655
18.1K,雪山西稜,18.1,SM300,520,181,,林道起點-雪山西稜,林道起點(000)⇨雙溪前營地(115)⇨,廢棄工寮(170)➡合流山登山口(212)⇨大營地(260),24.340583,121.059296,256017,2692744
18.2K,雪山西稜,18.2,SM300,520,182,,林道起點-雪山西稜,林道起點(000)⇨雙溪前營地(115)⇨,廢棄工寮(170)➡合流山登山口(212)⇨大營地(260),24.341229,121.058825,255969,2692815
18.3K,雪山西稜,18.3,SM300,520,183,,林道起點-雪山西稜,林道起點(000)⇨雙溪前營地(115)⇨,廢棄工寮(170)➡合流山登山口(212)⇨大營地(260),24.341696,121.058144,255900,2692867
18.4K營地,雪山西稜,18.4,SM300,520,184,,林道起點-雪山西稜,林道起點(000)⇨雙溪前營地(115)⇨,廢棄工寮(170)➡合流山登山口(212)⇨大營地(260),24.342149,121.057467,255831,2692917
18.5K,雪山西稜,18.5,SM300,520,185,,林道起點-雪山西稜,林道起點(000)⇨雙溪前營地(115)⇨,廢棄工寮(170)➡合流山登山口(212)⇨大營地(260),24.342675,121.056803,255764,2692975
18.6K,雪山西稜,18.6,SM300,520,186,,林道起點-雪山西稜,林道起點(000)⇨雙溪前營地(115)⇨,廢棄工寮(170)➡合流山登山口(212)⇨大營地(260),24.343395,121.056355,255718,2693055
18.7K,雪山西稜,18.7,SM300,520,187,,林道起點-雪山西稜,林道起點(000)⇨雙溪前營地(115)⇨,廢棄工寮(170)➡合流山登山口(212)⇨大營地(260),24.343962,121.056734,255757,2693118
18.8K水源,雪山西稜,18.8,SM300,520,188,,林道起點-雪山西稜,林道起點(000)⇨雙溪前營地(115)⇨,廢棄工寮(170)➡合流山登山口(212)⇨大營地(260),24.344702,121.057044,255788,2693200
18.9K,雪山西稜,18.9,SM300,520,189,,林道起點-雪山西稜,林道起點(000)⇨雙溪前營地(115)⇨,廢棄工寮(170)➡合流山登山口(212)⇨大營地(260),24.345155,121.05769,255854,2693250
19.0K,雪山西稜,19,SM300,520,190,,林道起點-雪山西稜,林道起點(000)⇨雙溪前營地(115)⇨,廢棄工寮(170)➡合流山登山口(212)⇨大營地(260),24.345526,121.058466,255932,2693291
19.1K,雪山西稜,19.1,SM300,520,191,,林道起點-雪山西稜,林道起點(000)⇨雙溪前營地(115)⇨,廢棄工寮(170)➡合流山登山口(212)⇨大營地(260),24.345694,121.059296,256017,2693310
19.2K,雪山西稜,19.2,SM300,520,192,,林道起點-雪山西稜,林道起點(000)⇨雙溪前營地(115)⇨,廢棄工寮(170)➡合流山登山口(212)⇨大營地(260),24.345818,121.060186,256107,2693324
19.3K,雪山西稜,19.3,SM300,520,193,,林道起點-雪山西稜,林道起點(000)⇨雙溪前營地(115)⇨,廢棄工寮(170)➡合流山登山口(212)⇨大營地(260),24.345686,121.060962,256186,2693309
19.4K,雪山西稜,19.4,SM300,520,194,,林道起點-雪山西稜,林道起點(000)⇨雙溪前營地(115)⇨,廢棄工寮(170)➡合流山登山口(212)⇨大營地(260),24.346025,121.061412,256231,2693347
19.5K,雪山西稜,19.5,SM300,520,195,,林道起點-雪山西稜,林道起點(000)⇨雙溪前營地(115)⇨,廢棄工寮(170)➡合流山登山口(212)⇨大營地(260),24.346809,121.061237,256214,2693433
19.6K,雪山西稜,19.6,SM300,520,196,,林道起點-雪山西稜,林道起點(000)⇨雙溪前營地(115)⇨,廢棄工寮(170)➡合流山登山口(212)⇨大營地(260),24.347437,121.060936,256183,2693503
19.7K,雪山西稜,19.7,SM300,520,197,,林道起點-雪山西稜,林道起點(000)⇨雙溪前營地(115)⇨,廢棄工寮(170)➡合流山登山口(212)⇨大營地(260),24.347982,121.060169,256105,2693563
19.8K,雪山西稜,19.8,SM300,520,198,,林道起點-雪山西稜,林道起點(000)⇨雙溪前營地(115)⇨,廢棄工寮(170)➡合流山登山口(212)⇨大營地(260),24.348679,121.059859,256074,2693641
19.9K,雪山西稜,19.9,SM300,520,199,,林道起點-雪山西稜,林道起點(000)⇨雙溪前營地(115)⇨,廢棄工寮(170)➡合流山登山口(212)⇨大營地(260),24.349366,121.059449,256032,2693717
20.0K,雪山西稜,20,SM300,520,200,,林道起點-雪山西稜,林道起點(000)⇨雙溪前營地(115)⇨,廢棄工寮(170)➡合流山登山口(212)⇨大營地(260),24.34988,121.058754,255961,2693773
20.1K,雪山西稜,20.1,SM300,520,201,,林道起點-雪山西稜,林道起點(000)⇨雙溪前營地(115)⇨,廢棄工寮(170)➡合流山登山口(212)⇨大營地(260),24.35048,121.059449,256032,2693840
20.2K,雪山西稜,20.2,SM300,520,202,,林道起點-雪山西稜,林道起點(000)⇨雙溪前營地(115)⇨,廢棄工寮(170)➡合流山登山口(212)⇨大營地(260),24.351184,121.059755,256063,2693918
20.3K,雪山西稜,20.3,SM300,520,203,,林道起點-雪山西稜,林道起點(000)⇨雙溪前營地(115)⇨,廢棄工寮(170)➡合流山登山口(212)⇨大營地(260),24.351934,121.05995,256083,2694001
20.4K,雪山西稜,20.4,SM300,520,204,,林道起點-雪山西稜,林道起點(000)⇨雙溪前營地(115)⇨,廢棄工寮(170)➡合流山登山口(212)⇨大營地(260),24.352469,121.059485,256035,2694060
20.5K,雪山西稜,20.5,SM300,520,205,,林道起點-雪山西稜,林道起點(000)⇨雙溪前營地(115)⇨,廢棄工寮(170)➡合流山登山口(212)⇨大營地(260),24.35296,121.060283,256116,2694115
20.6K,雪山西稜,20.6,SM300,520,206,,林道起點-雪山西稜,林道起點(000)⇨雙溪前營地(115)⇨,廢棄工寮(170)➡合流山登山口(212)⇨大營地(260),24.353648,121.060583,256147,2694191
20.7K,雪山西稜,20.7,SM300,520,207,,林道起點-雪山西稜,林道起點(000)⇨雙溪前營地(115)⇨,廢棄工寮(170)➡合流山登山口(212)⇨大營地(260),24.354234,121.061184,256208,2694256
20.8K,雪山西稜,20.8,SM300,520,208,,林道起點-雪山西稜,林道起點(000)⇨雙溪前營地(115)⇨,廢棄工寮(170)➡合流山登山口(212)⇨大營地(260),24.354548,121.061918,256282,2694291
20.9K,雪山西稜,20.9,SM300,520,209,,林道起點-雪山西稜,林道起點(000)⇨雙溪前營地(115)⇨,廢棄工寮(170)➡合流山登山口(212)⇨大營地(260),24.35459,121.062798,256372,2694295
21.0K,雪山西稜,21,SM300,520,210,,林道起點-雪山西稜,林道起點(000)⇨雙溪前營地(115)⇨,廢棄工寮(170)➡合流山登山口(212)⇨大營地(260),24.354633,121.063653,256458,2694300
21.1K,雪山西稜,21.1,SM300,520,211,,林道起點-雪山西稜,林道起點(000)⇨雙溪前營地(115)⇨,廢棄工寮(170)➡合流山登山口(212)⇨大營地(260),24.354747,121.064299,256524,2694313
21.2K合流山登山口,雪山西稜,21.2,SM300,520,212,合流山登山口,林道起點-雪山西稜,林道起點(000)⇨雙溪前營地(115)⇨,廢棄工寮(170)⇨合流山登山口(212)➡大營地(260),24.354842,121.065125,256608,2694323
21.3K,雪山西稜,21.3,SM300,520,213,,林道起點-雪山西稜,林道起點(000)⇨雙溪前營地(115)⇨,廢棄工寮(170)⇨合流山登山口(212)➡大營地(260),24.354278,121.065675,256663,2694261
21.4K,雪山西稜,21.4,SM300,520,214,,林道起點-雪山西稜,林道起點(000)⇨雙溪前營地(115)⇨,廢棄工寮(170)⇨合流山登山口(212)➡大營地(260),24.353494,121.065929,256689,2694174
21.5K,雪山西稜,21.5,SM300,520,215,,林道起點-雪山西稜,林道起點(000)⇨雙溪前營地(115)⇨,廢棄工寮(170)⇨合流山登山口(212)➡大營地(260),24.352881,121.065473,256643,2694106
21.6K,雪山西稜,21.6,SM300,520,216,,林道起點-雪山西稜,林道起點(000)⇨雙溪前營地(115)⇨,廢棄工寮(170)⇨合流山登山口(212)➡大營地(260),24.35218,121.065552,256651,2694029
21.7K,雪山西稜,21.7,SM300,520,217,,林道起點-雪山西稜,林道起點(000)⇨雙溪前營地(115)⇨,廢棄工寮(170)⇨合流山登山口(212)➡大營地(260),24.35132,121.06565,256661,2693933
21.8K,雪山西稜,21.8,SM300,520,218,,林道起點-雪山西稜,林道起點(000)⇨雙溪前營地(115)⇨,廢棄工寮(170)⇨合流山登山口(212)➡大營地(260),24.350663,121.065885,256685,2693861
21.9K,雪山西稜,21.9,SM300,520,219,,林道起點-雪山西稜,林道起點(000)⇨雙溪前營地(115)⇨,廢棄工寮(170)⇨合流山登山口(212)➡大營地(260),24.35059,121.066663,256764,2693852
22.0K,雪山西稜,22,SM300,520,220,,林道起點-雪山西稜,林道起點(000)⇨雙溪前營地(115)⇨,廢棄工寮(170)⇨合流山登山口(212)➡大營地(260),24.350038,121.067114,256810,2693791
22.1K,雪山西稜,22.1,SM300,520,221,,林道起點-雪山西稜,林道起點(000)⇨雙溪前營地(115)⇨,廢棄工寮(170)⇨合流山登山口(212)➡大營地(260),24.349458,121.067462,256845,2693727
22.2K,雪山西稜,22.2,SM300,520,222,,林道起點-雪山西稜,林道起點(000)⇨雙溪前營地(115)⇨,廢棄工寮(170)⇨合流山登山口(212)➡大營地(260),24.348773,121.067211,256820,2693651
22.3K,雪山西稜,22.3,SM300,520,223,,林道起點-雪山西稜,林道起點(000)⇨雙溪前營地(115)⇨,廢棄工寮(170)⇨合流山登山口(212)➡大營地(260),24.348173,121.066883,256786,2693585
22.4K,雪山西稜,22.4,SM300,520,224,,林道起點-雪山西稜,林道起點(000)⇨雙溪前營地(115)⇨,廢棄工寮(170)⇨合流山登山口(212)➡大營地(260),24.347392,121.066864,256784,2693498
22.5K,雪山西稜,22.5,SM300,520,225,,林道起點-雪山西稜,林道起點(000)⇨雙溪前營地(115)⇨,廢棄工寮(170)⇨合流山登山口(212)➡大營地(260),24.347367,121.067647,256864,2693496
22.6K,雪山西稜,22.6,SM300,520,226,,林道起點-雪山西稜,林道起點(000)⇨雙溪前營地(115)⇨,廢棄工寮(170)⇨合流山登山口(212)➡大營地(260),24.347051,121.068249,256925,2693461
22.7K,雪山西稜,22.7,SM300,520,227,,林道起點-雪山西稜,林道起點(000)⇨雙溪前營地(115)⇨,廢棄工寮(170)⇨合流山登山口(212)➡大營地(260),24.346343,121.06848,256948,2693382
22.8K,雪山西稜,22.8,SM300,520,228,,林道起點-雪山西稜,林道起點(000)⇨雙溪前營地(115)⇨,廢棄工寮(170)⇨合流山登山口(212)➡大營地(260),24.345798,121.068869,256988,2693322
22.9K,雪山西稜,22.9,SM300,520,229,,林道起點-雪山西稜,林道起點(000)⇨雙溪前營地(115)⇨,廢棄工寮(170)⇨合流山登山口(212)➡大營地(260),24.345272,121.069289,257031,2693264
23.0K,雪山西稜,23,SM300,520,230,,林道起點-雪山西稜,林道起點(000)⇨雙溪前營地(115)⇨,廢棄工寮(170)⇨合流山登山口(212)➡大營地(260),24.344611,121.069385,257040,2693190
23.1K,雪山西稜,23.1,SM300,520,231,,林道起點-雪山西稜,林道起點(000)⇨雙溪前營地(115)⇨,廢棄工寮(170)⇨合流山登山口(212)➡大營地(260),24.344034,121.069836,257086,2693127
23.2K,雪山西稜,23.2,SM300,520,232,,林道起點-雪山西稜,林道起點(000)⇨雙溪前營地(115)⇨,廢棄工寮(170)⇨合流山登山口(212)➡大營地(260),24.343708,121.070491,257153,2693090
23.3K,雪山西稜,23.3,SM300,520,233,,林道起點-雪山西稜,林道起點(000)⇨雙溪前營地(115)⇨,廢棄工寮(170)⇨合流山登山口(212)➡大營地(260),24.343684,121.071117,257216,2693088
23.4K,雪山西稜,23.4,SM300,520,234,,林道起點-雪山西稜,林道起點(000)⇨雙溪前營地(115)⇨,廢棄工寮(170)⇨合流山登山口(212)➡大營地(260),24.343022,121.071396,257245,2693015
23.5K水源,雪山西稜,23.5,SM300,520,235,山壁水源,林道起點-雪山西稜,林道起點(000)⇨雙溪前營地(115)⇨,廢棄工寮(170)⇨合流山登山口(212)➡大營地(260),24.343189,121.072066,257313,2693033
23.6K,雪山西稜,23.6,SM300,520,236,,林道起點-雪山西稜,林道起點(000)⇨雙溪前營地(115)⇨,廢棄工寮(170)⇨合流山登山口(212)➡大營地(260),24.344063,121.072281,257334,2693130
23.7K,雪山西稜,23.7,SM300,520,237,,林道起點-雪山西稜,林道起點(000)⇨雙溪前營地(115)⇨,廢棄工寮(170)⇨合流山登山口(212)➡大營地(260),24.344768,121.072469,257353,2693208
23.8K,雪山西稜,23.8,SM300,520,238,,林道起點-雪山西稜,林道起點(000)⇨雙溪前營地(115)⇨,廢棄工寮(170)⇨合流山登山口(212)➡大營地(260),24.345403,121.072736,257380,2693278
23.9K,雪山西稜,23.9,SM300,520,239,,林道起點-雪山西稜,林道起點(000)⇨雙溪前營地(115)⇨,廢棄工寮(170)⇨合流山登山口(212)➡大營地(260),24.345924,121.073218,257429,2693336
24.0K,雪山西稜,24,SM300,520,240,,林道起點-雪山西稜,林道起點(000)⇨雙溪前營地(115)⇨,廢棄工寮(170)⇨合流山登山口(212)➡大營地(260),24.346509,121.073616,257470,2693401
24.1K,雪山西稜,24.1,SM300,520,241,,林道起點-雪山西稜,林道起點(000)⇨雙溪前營地(115)⇨,廢棄工寮(170)⇨合流山登山口(212)➡大營地(260),24.346925,121.074165,257525,2693447
24.2K,雪山西稜,24.2,SM300,520,242,,林道起點-雪山西稜,林道起點(000)⇨雙溪前營地(115)⇨,廢棄工寮(170)⇨合流山登山口(212)➡大營地(260),24.346832,121.075023,257612,2693437
24.3K,雪山西稜,24.3,SM300,520,243,,林道起點-雪山西稜,林道起點(000)⇨雙溪前營地(115)⇨,廢棄工寮(170)⇨合流山登山口(212)➡大營地(260),24.347503,121.075431,257654,2693511
24.4K,雪山西稜,24.4,SM300,520,244,,林道起點-雪山西稜,林道起點(000)⇨雙溪前營地(115)⇨,廢棄工寮(170)⇨合流山登山口(212)➡大營地(260),24.348208,121.075641,257675,2693589
24.5K,雪山西稜,24.5,SM300,520,245,,林道起點-雪山西稜,林道起點(000)⇨雙溪前營地(115)⇨,廢棄工寮(170)⇨合流山登山口(212)➡大營地(260),24.348914,121.075918,257703,2693667
24.6K,雪山西稜,24.6,SM300,520,246,,林道起點-雪山西稜,林道起點(000)⇨雙溪前營地(115)⇨,廢棄工寮(170)⇨合流山登山口(212)➡大營地(260),24.349057,121.076626,257775,2693683
24.7K,雪山西稜,24.7,SM300,520,247,,林道起點-雪山西稜,林道起點(000)⇨雙溪前營地(115)⇨,廢棄工寮(170)⇨合流山登山口(212)➡大營地(260),24.349289,121.07742,257855,2693709
24.8K,雪山西稜,24.8,SM300,520,248,,林道起點-雪山西稜,林道起點(000)⇨雙溪前營地(115)⇨,廢棄工寮(170)⇨合流山登山口(212)➡大營地(260),24.350038,121.077534,257867,2693792
24.9K,雪山西稜,24.9,SM300,520,249,,林道起點-雪山西稜,林道起點(000)⇨雙溪前營地(115)⇨,廢棄工寮(170)⇨合流山登山口(212)➡大營地(260),24.350709,121.077977,257912,2693866
25.0K,雪山西稜,25,SM300,520,250,,林道起點-雪山西稜,林道起點(000)⇨雙溪前營地(115)⇨,廢棄工寮(170)⇨合流山登山口(212)➡大營地(260),24.351364,121.078301,257945,2693939
25.1K,雪山西稜,25.1,SM300,520,251,,林道起點-雪山西稜,林道起點(000)⇨雙溪前營地(115)⇨,廢棄工寮(170)⇨合流山登山口(212)➡大營地(260),24.352137,121.078609,257976,2694024
25.2K,雪山西稜,25.2,SM300,520,252,,林道起點-雪山西稜,林道起點(000)⇨雙溪前營地(115)⇨,廢棄工寮(170)⇨合流山登山口(212)➡大營地(260),24.3529,121.078789,257994,2694109
25.3K,雪山西稜,25.3,SM300,520,253,,林道起點-雪山西稜,林道起點(000)⇨雙溪前營地(115)⇨,廢棄工寮(170)⇨合流山登山口(212)➡大營地(260),24.353315,121.079293,258045,2694155
25.4K,雪山西稜,25.4,SM300,520,254,,林道起點-雪山西稜,林道起點(000)⇨雙溪前營地(115)⇨,廢棄工寮(170)⇨合流山登山口(212)➡大營地(260),24.352633,121.079508,258067,2694079
25.5K,雪山西稜,25.5,SM300,520,255,,林道起點-雪山西稜,林道起點(000)⇨雙溪前營地(115)⇨,廢棄工寮(170)⇨合流山登山口(212)➡大營地(260),24.352209,121.079796,258096,2694032
25.6K,雪山西稜,25.6,SM300,520,256,,林道起點-雪山西稜,林道起點(000)⇨雙溪前營地(115)⇨,廢棄工寮(170)⇨合流山登山口(212)➡大營地(260),24.351476,121.080147,258132,2693951
25.7K,雪山西稜,25.7,SM300,520,257,,林道起點-雪山西稜,林道起點(000)⇨雙溪前營地(115)⇨,廢棄工寮(170)⇨合流山登山口(212)➡大營地(260),24.350851,121.080576,258176,2693882
25.8K,雪山西稜,25.8,SM300,520,258,,林道起點-雪山西稜,林道起點(000)⇨雙溪前營地(115)⇨,廢棄工寮(170)⇨合流山登山口(212)➡大營地(260),24.350252,121.081082,258227,2693816
25.9K,雪山西稜,25.9,SM300,520,259,,林道起點-雪山西稜,林道起點(000)⇨雙溪前營地(115)⇨,廢棄工寮(170)⇨合流山登山口(212)➡大營地(260),24.349568,121.081403,258260,2693740
26.0K營地,雪山西稜,26,SM300,520,260,大營地,林道起點-雪山西稜,大營地(260)➡雪山西稜登山口(284)⇨,匹匹達東鞍營地(324)⇨大雪山登山口(329),24.348845,121.081714,258291,2693660
26.1K,雪山西稜,26.1,SM300,520,261,,林道起點-雪山西稜,大營地(260)➡雪山西稜登山口(284)⇨,匹匹達東鞍營地(324)⇨大雪山登山口(329),24.347978,121.081791,258299,2693564
26.2K,雪山西稜,26.2,SM300,520,262,,林道起點-雪山西稜,大營地(260)➡雪山西稜登山口(284)⇨,匹匹達東鞍營地(324)⇨大雪山登山口(329),24.347164,121.081949,258315,2693474
26.3K,雪山西稜,26.3,SM300,520,263,,林道起點-雪山西稜,大營地(260)➡雪山西稜登山口(284)⇨,匹匹達東鞍營地(324)⇨大雪山登山口(329),24.346346,121.081866,258307,2693383
26.4K,雪山西稜,26.4,SM300,520,264,,林道起點-雪山西稜,大營地(260)➡雪山西稜登山口(284)⇨,匹匹達東鞍營地(324)⇨大雪山登山口(329),24.345475,121.081612,258281,2693287
26.5K,雪山西稜,26.5,SM300,520,265,,林道起點-雪山西稜,大營地(260)➡雪山西稜登山口(284)⇨,匹匹達東鞍營地(324)⇨大雪山登山口(329),24.34488,121.082303,258351,2693221
26.6K,雪山西稜,26.6,SM300,520,266,,林道起點-雪山西稜,大營地(260)➡雪山西稜登山口(284)⇨,匹匹達東鞍營地(324)⇨大雪山登山口(329),24.344253,121.082943,258416,2693152
26.7K,雪山西稜,26.7,SM300,520,267,,林道起點-雪山西稜,大營地(260)➡雪山西稜登山口(284)⇨,匹匹達東鞍營地(324)⇨大雪山登山口(329),24.343983,121.083823,258505,2693122
26.8K,雪山西稜,26.8,SM300,520,268,,林道起點-雪山西稜,大營地(260)➡雪山西稜登山口(284)⇨,匹匹達東鞍營地(324)⇨大雪山登山口(329),24.343793,121.084752,258600,2693101
26.9K,雪山西稜,26.9,SM300,520,269,,林道起點-雪山西稜,大營地(260)➡雪山西稜登山口(284)⇨,匹匹達東鞍營地(324)⇨大雪山登山口(329),24.343102,121.08456,258580,2693024
27.0K,雪山西稜,27,SM300,520,270,,林道起點-雪山西稜,大營地(260)➡雪山西稜登山口(284)⇨,匹匹達東鞍營地(324)⇨大雪山登山口(329),24.342326,121.08436,258560,2692938
27.1K,雪山西稜,27.1,SM300,520,271,,林道起點-雪山西稜,大營地(260)➡雪山西稜登山口(284)⇨,匹匹達東鞍營地(324)⇨大雪山登山口(329),24.341545,121.084064,258530,2692852
27.2K,雪山西稜,27.2,SM300,520,272,,林道起點-雪山西稜,大營地(260)➡雪山西稜登山口(284)⇨,匹匹達東鞍營地(324)⇨大雪山登山口(329),24.340913,121.084569,258581,2692782
27.3K,雪山西稜,27.3,SM300,520,273,,林道起點-雪山西稜,大營地(260)➡雪山西稜登山口(284)⇨,匹匹達東鞍營地(324)⇨大雪山登山口(329),24.340811,121.085428,258669,2692770
27.4K,雪山西稜,27.4,SM300,520,274,,林道起點-雪山西稜,大營地(260)➡雪山西稜登山口(284)⇨,匹匹達東鞍營地(324)⇨大雪山登山口(329),24.340757,121.086342,258761,2692765
27.5K,雪山西稜,27.5,SM300,520,275,,林道起點-雪山西稜,大營地(260)➡雪山西稜登山口(284)⇨,匹匹達東鞍營地(324)⇨大雪山登山口(329),24.340487,121.087096,258838,2692735
27.6K,雪山西稜,27.6,SM300,520,276,,林道起點-雪山西稜,大營地(260)➡雪山西稜登山口(284)⇨,匹匹達東鞍營地(324)⇨大雪山登山口(329),24.339693,121.087846,258914,2692647
27.7K,雪山西稜,27.7,SM300,520,277,,林道起點-雪山西稜,大營地(260)➡雪山西稜登山口(284)⇨,匹匹達東鞍營地(324)⇨大雪山登山口(329),24.338928,121.088141,258944,2692562
27.8K,雪山西稜,27.8,SM300,520,278,,林道起點-雪山西稜,大營地(260)➡雪山西稜登山口(284)⇨,匹匹達東鞍營地(324)⇨大雪山登山口(329),24.338118,121.087876,258917,2692472
27.9K,雪山西稜,27.9,SM300,520,279,,林道起點-雪山西稜,大營地(260)➡雪山西稜登山口(284)⇨,匹匹達東鞍營地(324)⇨大雪山登山口(329),24.337547,121.088526,258983,2692409
28.0K營地,雪山西稜,28,SM300,520,280,,林道起點-雪山西稜,大營地(260)➡雪山西稜登山口(284)⇨,匹匹達東鞍營地(324)⇨大雪山登山口(329),24.336968,121.089141,259046,2692345
28.1K,雪山西稜,28.1,SM300,520,281,,林道起點-雪山西稜,大營地(260)➡雪山西稜登山口(284)⇨,匹匹達東鞍營地(324)⇨大雪山登山口(329),24.336347,121.089562,259088,2692276
28.2K,雪山西稜,28.2,SM300,520,282,,林道起點-雪山西稜,大營地(260)➡雪山西稜登山口(284)⇨,匹匹達東鞍營地(324)⇨大雪山登山口(329),24.335697,121.089966,259129,2692204
28.3K,雪山西稜,28.3,SM300,520,283,,林道起點-雪山西稜,大營地(260)➡雪山西稜登山口(284)⇨,匹匹達東鞍營地(324)⇨大雪山登山口(329),24.33505,121.090481,259182,2692133
28.4K登山口,雪山西稜,28.4,SM300,520,284,雪山西稜登山口,林道起點-雪山西稜,大營地(260)⇨雪山西稜登山口(284)➡,匹匹達東鞍營地(324)⇨大雪山登山口(329),24.334281,121.090563,259190,2692048
溪澗水源/28.5K,雪山西稜,28.5,SM300,520,285,溪澗水源,,大營地(260)⇨雪山西稜登山口(284)➡,匹匹達東鞍營地(324)⇨大雪山登山口(329),24.333462,121.09098,259232,2691957
28.6K,雪山西稜,28.6,SM300,520,286,,,大營地(260)⇨雪山西稜登山口(284)➡,匹匹達東鞍營地(324)⇨大雪山登山口(329),24.332801,121.091289,259264,2691884
28.7K,雪山西稜,28.7,SM300,520,287,,,大營地(260)⇨雪山西稜登山口(284)➡,匹匹達東鞍營地(324)⇨大雪山登山口(329),24.33212,121.09113,259248,2691808
28.8K,雪山西稜,28.8,SM300,520,288,,,大營地(260)⇨雪山西稜登山口(284)➡,匹匹達東鞍營地(324)⇨大雪山登山口(329),24.331378,121.091366,259272,2691726
28.9K,雪山西稜,28.9,SM300,520,289,,,大營地(260)⇨雪山西稜登山口(284)➡,匹匹達東鞍營地(324)⇨大雪山登山口(329),24.331495,121.092148,259351,2691739
29.0K,雪山西稜,29,SM300,520,290,,,大營地(260)⇨雪山西稜登山口(284)➡,匹匹達東鞍營地(324)⇨大雪山登山口(329),24.330889,121.092836,259421,2691672
29.1K,雪山西稜,29.1,SM300,520,291,,,大營地(260)⇨雪山西稜登山口(284)➡,匹匹達東鞍營地(324)⇨大雪山登山口(329),24.330517,121.093649,259503,2691631
29.2K,雪山西稜,29.2,SM300,520,292,,,大營地(260)⇨雪山西稜登山口(284)➡,匹匹達東鞍營地(324)⇨大雪山登山口(329),24.330275,121.094331,259573,2691604
29.3K,雪山西稜,29.3,SM300,520,293,,,大營地(260)⇨雪山西稜登山口(284)➡,匹匹達東鞍營地(324)⇨大雪山登山口(329),24.33073,121.095018,259642,2691655
29.4K,雪山西稜,29.4,SM300,520,294,,,大營地(260)⇨雪山西稜登山口(284)➡,匹匹達東鞍營地(324)⇨大雪山登山口(329),24.330378,121.095712,259713,2691616
29.5K,雪山西稜,29.5,SM300,520,295,,,大營地(260)⇨雪山西稜登山口(284)➡,匹匹達東鞍營地(324)⇨大雪山登山口(329),24.329753,121.096329,259776,2691547
29.6K,雪山西稜,29.6,SM300,520,296,,,大營地(260)⇨雪山西稜登山口(284)➡,匹匹達東鞍營地(324)⇨大雪山登山口(329),24.329019,121.096912,259835,2691465
29.7K,雪山西稜,29.7,SM300,520,297,,,大營地(260)⇨雪山西稜登山口(284)➡,匹匹達東鞍營地(324)⇨大雪山登山口(329),24.3286,121.097728,259918,2691419
29.8K,雪山西稜,29.8,SM300,520,298,,,大營地(260)⇨雪山西稜登山口(284)➡,匹匹達東鞍營地(324)⇨大雪山登山口(329),24.327885,121.098108,259956,2691340
29.9K,雪山西稜,29.9,SM300,520,299,,,大營地(260)⇨雪山西稜登山口(284)➡,匹匹達東鞍營地(324)⇨大雪山登山口(329),24.327111,121.098383,259984,2691254
大雪山之門/30.0K,雪山西稜,30,SM300,520,300,大雪山之門,,大營地(260)⇨雪山西稜登山口(284)➡,匹匹達東鞍營地(324)⇨大雪山登山口(329),24.326577,121.099102,260057,2691195
30.1K,雪山西稜,30.1,SM300,520,301,,,大營地(260)⇨雪山西稜登山口(284)➡,匹匹達東鞍營地(324)⇨大雪山登山口(329),24.325885,121.099534,260101,2691118
30.2K,雪山西稜,30.2,SM300,520,302,,,大營地(260)⇨雪山西稜登山口(284)➡,匹匹達東鞍營地(324)⇨大雪山登山口(329),24.325663,121.100383,260187,2691094
30.3K,雪山西稜,30.3,SM300,520,303,,,大營地(260)⇨雪山西稜登山口(284)➡,匹匹達東鞍營地(324)⇨大雪山登山口(329),24.325444,121.101253,260276,2691070
三岔路口營地/30.4K,雪山西稜,30.4,SM300,520,304,三岔路口營地,,大營地(260)⇨雪山西稜登山口(284)➡,匹匹達東鞍營地(324)⇨大雪山登山口(329),24.325006,121.102022,260354,2691021
30.5K,雪山西稜,30.5,SM300,520,305,,,大營地(260)⇨雪山西稜登山口(284)➡,匹匹達東鞍營地(324)⇨大雪山登山口(329),24.325742,121.1023,260382,2691103
30.6K,雪山西稜,30.6,SM300,520,306,,,大營地(260)⇨雪山西稜登山口(284)➡,匹匹達東鞍營地(324)⇨大雪山登山口(329),24.326322,121.102778,260430,2691167
30.7K,雪山西稜,30.7,SM300,520,307,,,大營地(260)⇨雪山西稜登山口(284)➡,匹匹達東鞍營地(324)⇨大雪山登山口(329),24.326678,121.103519,260505,2691206
30.8K,雪山西稜,30.8,SM300,520,308,,,大營地(260)⇨雪山西稜登山口(284)➡,匹匹達東鞍營地(324)⇨大雪山登山口(329),24.32735,121.103905,260545,2691281
30.9K,雪山西稜,30.9,SM300,520,309,,,大營地(260)⇨雪山西稜登山口(284)➡,匹匹達東鞍營地(324)⇨大雪山登山口(329),24.327979,121.104472,260602,2691351
31.0K,雪山西稜,31,SM300,520,310,,,大營地(260)⇨雪山西稜登山口(284)➡,匹匹達東鞍營地(324)⇨大雪山登山口(329),24.328563,121.105093,260665,2691415
31.1K,雪山西稜,31.1,SM300,520,311,,,大營地(260)⇨雪山西稜登山口(284)➡,匹匹達東鞍營地(324)⇨大雪山登山口(329),24.328909,121.105918,260749,2691454
31.2K,雪山西稜,31.2,SM300,520,312,,,大營地(260)⇨雪山西稜登山口(284)➡,匹匹達東鞍營地(324)⇨大雪山登山口(329),24.329458,121.106639,260822,2691515
31.3K,雪山西稜,31.3,SM300,520,313,,,大營地(260)⇨雪山西稜登山口(284)➡,匹匹達東鞍營地(324)⇨大雪山登山口(329),24.329973,121.107357,260895,2691572
31.4K,雪山西稜,31.4,SM300,520,314,,,大營地(260)⇨雪山西稜登山口(284)➡,匹匹達東鞍營地(324)⇨大雪山登山口(329),24.330633,121.107866,260946,2691645
31.5K,雪山西稜,31.5,SM300,520,315,,,大營地(260)⇨雪山西稜登山口(284)➡,匹匹達東鞍營地(324)⇨大雪山登山口(329),24.331031,121.108607,261021,2691689
31.6K,雪山西稜,31.6,SM300,520,316,,,大營地(260)⇨雪山西稜登山口(284)➡,匹匹達東鞍營地(324)⇨大雪山登山口(329),24.330677,121.109423,261104,2691650
31.7K,雪山西稜,31.7,SM300,520,317,,,大營地(260)⇨雪山西稜登山口(284)➡,匹匹達東鞍營地(324)⇨大雪山登山口(329),24.330512,121.110268,261190,2691632
31.8K,雪山西稜,31.8,SM300,520,318,,,大營地(260)⇨雪山西稜登山口(284)➡,匹匹達東鞍營地(324)⇨大雪山登山口(329),24.330245,121.111124,261277,2691602
31.9K,雪山西稜,31.9,SM300,520,319,,,大營地(260)⇨雪山西稜登山口(284)➡,匹匹達東鞍營地(324)⇨大雪山登山口(329),24.329764,121.111839,261349,2691549
32.0K,雪山西稜,32,SM300,520,320,,,大營地(260)⇨雪山西稜登山口(284)➡,匹匹達東鞍營地(324)⇨大雪山登山口(329),24.329165,121.112504,261417,2691483
32.1K,雪山西稜,32.1,SM300,520,321,,,大營地(260)⇨雪山西稜登山口(284)➡,匹匹達東鞍營地(324)⇨大雪山登山口(329),24.329073,121.113317,261500,2691472
匹匹達山/32.2K,雪山西稜,32.2,SM300,520,322,匹匹達山,,大營地(260)⇨雪山西稜登山口(284)➡,匹匹達東鞍營地(324)⇨大雪山登山口(329),24.32881,121.114168,261586,2691443
32.3K,雪山西稜,32.3,SM300,520,323,,,大營地(260)⇨雪山西稜登山口(284)➡,匹匹達東鞍營地(324)⇨大雪山登山口(329),24.329243,121.115152,261686,2691491
匹匹達東鞍營地/32.4K,雪山西稜,32.4,SM300,520,324,匹匹達東鞍營地,,大營地(260)⇨雪山西稜登山口(284)⇨,匹匹達東鞍營地(324)➡大雪山登山口(329),24.329465,121.11625,261797,2691516
32.5K,雪山西稜,32.5,SM300,520,325,,,大營地(260)⇨雪山西稜登山口(284)⇨,匹匹達東鞍營地(324)➡大雪山登山口(329),24.329972,121.117136,261887,2691572
32.6K,雪山西稜,32.6,SM300,520,326,,,大營地(260)⇨雪山西稜登山口(284)⇨,匹匹達東鞍營地(324)➡大雪山登山口(329),24.330531,121.11798,261973,2691634
32.7K,雪山西稜,32.7,SM300,520,327,,,大營地(260)⇨雪山西稜登山口(284)⇨,匹匹達東鞍營地(324)➡大雪山登山口(329),24.330888,121.118908,262067,2691674
32.8K,雪山西稜,32.8,SM300,520,328,,,大營地(260)⇨雪山西稜登山口(284)⇨,匹匹達東鞍營地(324)➡大雪山登山口(329),24.331143,121.119864,262164,2691702
大雪山登山口/32.9K,雪山西稜,32.9,SM300,520,329,大雪山登山口,,大雪山登山口(329)➡奇峻山營地(360)⇨,頭鷹山(372)⇨弓水營地(396)⇨大南山西鞍營地(406),24.331278,121.120823,262261,2691717
33.0K,雪山西稜,33,SM300,520,330,,,大雪山登山口(329)➡奇峻山營地(360)⇨,頭鷹山(372)⇨弓水營地(396)⇨大南山西鞍營地(406),24.332032,121.120744,262253,2691801
33.1K,雪山西稜,33.1,SM300,520,331,,,大雪山登山口(329)➡奇峻山營地(360)⇨,頭鷹山(372)⇨弓水營地(396)⇨大南山西鞍營地(406),24.332871,121.12085,262264,2691894
33.2K,雪山西稜,33.2,SM300,520,332,,,大雪山登山口(329)➡奇峻山營地(360)⇨,頭鷹山(372)⇨弓水營地(396)⇨大南山西鞍營地(406),24.333744,121.120836,262262,2691990
33.3K,雪山西稜,33.3,SM300,520,333,,,大雪山登山口(329)➡奇峻山營地(360)⇨,頭鷹山(372)⇨弓水營地(396)⇨大南山西鞍營地(406),24.33458,121.120828,262261,2692083
33.4K,雪山西稜,33.4,SM300,520,334,,,大雪山登山口(329)➡奇峻山營地(360)⇨,頭鷹山(372)⇨弓水營地(396)⇨大南山西鞍營地(406),24.335268,121.121325,262312,2692159
33.5K,雪山西稜,33.5,SM300,520,335,,,大雪山登山口(329)➡奇峻山營地(360)⇨,頭鷹山(372)⇨弓水營地(396)⇨大南山西鞍營地(406),24.336131,121.121328,262312,2692255
33.6K,雪山西稜,33.6,SM300,520,336,,,大雪山登山口(329)➡奇峻山營地(360)⇨,頭鷹山(372)⇨弓水營地(396)⇨大南山西鞍營地(406),24.336966,121.121265,262305,2692347
33.7K,雪山西稜,33.7,SM300,520,337,,,大雪山登山口(329)➡奇峻山營地(360)⇨,頭鷹山(372)⇨弓水營地(396)⇨大南山西鞍營地(406),24.337806,121.121483,262327,2692440
33.8K,雪山西稜,33.8,SM300,520,338,,,大雪山登山口(329)➡奇峻山營地(360)⇨,頭鷹山(372)⇨弓水營地(396)⇨大南山西鞍營地(406),24.338584,121.12193,262373,2692527
33.9K,雪山西稜,33.9,SM300,520,339,,,大雪山登山口(329)➡奇峻山營地(360)⇨,頭鷹山(372)⇨弓水營地(396)⇨大南山西鞍營地(406),24.339356,121.122372,262417,2692612
34.0K,雪山西稜,34,SM300,520,340,,,大雪山登山口(329)➡奇峻山營地(360)⇨,頭鷹山(372)⇨弓水營地(396)⇨大南山西鞍營地(406),24.34012,121.122847,262466,2692697
34.1K,雪山西稜,34.1,SM300,520,341,,,大雪山登山口(329)➡奇峻山營地(360)⇨,頭鷹山(372)⇨弓水營地(396)⇨大南山西鞍營地(406),24.340868,121.123321,262514,2692780
34.2K,雪山西稜,34.2,SM300,520,342,,,大雪山登山口(329)➡奇峻山營地(360)⇨,頭鷹山(372)⇨弓水營地(396)⇨大南山西鞍營地(406),24.341483,121.123994,262582,2692848
大雪山北峰/34.3K/34.3K,雪山西稜,34.3,SM300,520,343,大雪山北峰,,大雪山登山口(329)➡奇峻山營地(360)⇨,頭鷹山(372)⇨弓水營地(396)⇨大南山西鞍營地(406),24.342092,121.124697,262653,2692915
34.4K,雪山西稜,34.4,SM300,520,344,,,大雪山登山口(329)➡奇峻山營地(360)⇨,頭鷹山(372)⇨弓水營地(396)⇨大南山西鞍營地(406),24.342537,121.125524,262737,2692965
34.5K,雪山西稜,34.5,SM300,520,345,,,大雪山登山口(329)➡奇峻山營地(360)⇨,頭鷹山(372)⇨弓水營地(396)⇨大南山西鞍營地(406),24.34311,121.126262,262812,2693028
34.6K,雪山西稜,34.6,SM300,520,346,,,大雪山登山口(329)➡奇峻山營地(360)⇨,頭鷹山(372)⇨弓水營地(396)⇨大南山西鞍營地(406),24.343868,121.126426,262828,2693112
34.7K,雪山西稜,34.7,SM300,520,347,,,大雪山登山口(329)➡奇峻山營地(360)⇨,頭鷹山(372)⇨弓水營地(396)⇨大南山西鞍營地(406),24.344597,121.126862,262873,2693193
34.8K,雪山西稜,34.8,SM300,520,348,,,大雪山登山口(329)➡奇峻山營地(360)⇨,頭鷹山(372)⇨弓水營地(396)⇨大南山西鞍營地(406),24.34492,121.12773,262961,2693229
34.9K,雪山西稜,34.9,SM300,520,349,,,大雪山登山口(329)➡奇峻山營地(360)⇨,頭鷹山(372)⇨弓水營地(396)⇨大南山西鞍營地(406),24.34531,121.128605,263049,2693272
35.0K,雪山西稜,35,SM300,520,350,,,大雪山登山口(329)➡奇峻山營地(360)⇨,頭鷹山(372)⇨弓水營地(396)⇨大南山西鞍營地(406),24.346019,121.129209,263111,2693351
35.1K,雪山西稜,35.1,SM300,520,351,,,大雪山登山口(329)➡奇峻山營地(360)⇨,頭鷹山(372)⇨弓水營地(396)⇨大南山西鞍營地(406),24.346849,121.129563,263146,2693443
35.2K,雪山西稜,35.2,SM300,520,352,,,大雪山登山口(329)➡奇峻山營地(360)⇨,頭鷹山(372)⇨弓水營地(396)⇨大南山西鞍營地(406),24.347573,121.130118,263203,2693523
35.3K,雪山西稜,35.3,SM300,520,353,,,大雪山登山口(329)➡奇峻山營地(360)⇨,頭鷹山(372)⇨弓水營地(396)⇨大南山西鞍營地(406),24.348163,121.130653,263257,2693588
35.4K,雪山西稜,35.4,SM300,520,354,,,大雪山登山口(329)➡奇峻山營地(360)⇨,頭鷹山(372)⇨弓水營地(396)⇨大南山西鞍營地(406),24.349044,121.130709,263262,2693686
35.5K,雪山西稜,35.5,SM300,520,355,,,大雪山登山口(329)➡奇峻山營地(360)⇨,頭鷹山(372)⇨弓水營地(396)⇨大南山西鞍營地(406),24.349837,121.131192,263311,2693774
森林營地/35.6K,雪山西稜,35.6,SM300,520,356,森林營地,,大雪山登山口(329)➡奇峻山營地(360)⇨,頭鷹山(372)⇨弓水營地(396)⇨大南山西鞍營地(406),24.350615,121.131506,263343,2693860
35.7K,雪山西稜,35.7,SM300,520,357,,,大雪山登山口(329)➡奇峻山營地(360)⇨,頭鷹山(372)⇨弓水營地(396)⇨大南山西鞍營地(406),24.351027,121.132338,263427,2693906
35.8K,雪山西稜,35.8,SM300,520,358,,,大雪山登山口(329)➡奇峻山營地(360)⇨,頭鷹山(372)⇨弓水營地(396)⇨大南山西鞍營地(406),24.351266,121.133177,263513,2693932
奇峻水源/35.9K,雪山西稜,35.9,SM300,520,359,奇峻水源,,大雪山登山口(329)➡奇峻山營地(360)⇨,頭鷹山(372)⇨弓水營地(396)⇨大南山西鞍營地(406),24.351528,121.134109,263607,2693961
南鞍營地/36.0K,雪山西稜,36,SM300,520,360,奇峻山營地,,大雪山登山口(329)⇨奇峻山營地(360)➡,頭鷹山(372)⇨弓水營地(396)⇨大南山西鞍營地(406),24.351407,121.135261,263724,2693948
36.1K,雪山西稜,36.1,SM300,520,361,,,大雪山登山口(329)⇨奇峻山營地(360)➡,頭鷹山(372)⇨弓水營地(396)⇨大南山西鞍營地(406),24.352154,121.135735,263772,2694031
36.2K,雪山西稜,36.2,SM300,520,362,,,大雪山登山口(329)⇨奇峻山營地(360)➡,頭鷹山(372)⇨弓水營地(396)⇨大南山西鞍營地(406),24.352872,121.136252,263824,2694110
36.3K,雪山西稜,36.3,SM300,520,363,,,大雪山登山口(329)⇨奇峻山營地(360)➡,頭鷹山(372)⇨弓水營地(396)⇨大南山西鞍營地(406),24.353573,121.136772,263877,2694188
36.4K,雪山西稜,36.4,SM300,520,364,,,大雪山登山口(329)⇨奇峻山營地(360)➡,頭鷹山(372)⇨弓水營地(396)⇨大南山西鞍營地(406),24.354288,121.137188,263919,2694267
36.5K,雪山西稜,36.5,SM300,520,365,,,大雪山登山口(329)⇨奇峻山營地(360)➡,頭鷹山(372)⇨弓水營地(396)⇨大南山西鞍營地(406),24.355058,121.137365,263937,2694353
36.6K,雪山西稜,36.6,SM300,520,366,,,大雪山登山口(329)⇨奇峻山營地(360)➡,頭鷹山(372)⇨弓水營地(396)⇨大南山西鞍營地(406),24.355875,121.137319,263932,2694443
36.7K,雪山西稜,36.7,SM300,520,367,,,大雪山登山口(329)⇨奇峻山營地(360)➡,頭鷹山(372)⇨弓水營地(396)⇨大南山西鞍營地(406),24.356577,121.137732,263974,2694521
36.8K,雪山西稜,36.8,SM300,520,368,,,大雪山登山口(329)⇨奇峻山營地(360)➡,頭鷹山(372)⇨弓水營地(396)⇨大南山西鞍營地(406),24.356928,121.138611,264063,2694560
36.9K,雪山西稜,36.9,SM300,520,369,,,大雪山登山口(329)⇨奇峻山營地(360)➡,頭鷹山(372)⇨弓水營地(396)⇨大南山西鞍營地(406),24.357436,121.139325,264136,2694616
37.0K,雪山西稜,37,SM300,520,370,,,大雪山登山口(329)⇨奇峻山營地(360)➡,頭鷹山(372)⇨弓水營地(396)⇨大南山西鞍營地(406),24.358228,121.139719,264176,2694704
37.1K,雪山西稜,37.1,SM300,520,371,,,大雪山登山口(329)⇨奇峻山營地(360)➡,頭鷹山(372)⇨弓水營地(396)⇨大南山西鞍營地(406),24.358946,121.140214,264226,2694783
頭鷹山/37.2K,雪山西稜,37.2,SM300,520,372,頭鷹山,,大雪山登山口(329)⇨奇峻山營地(360)⇨,頭鷹山(372)➡弓水營地(396)⇨大南山西鞍營地(406),24.359601,121.140738,264279,2694856
37.3K,雪山西稜,37.3,SM300,520,373,,,大雪山登山口(329)⇨奇峻山營地(360)⇨,頭鷹山(372)➡弓水營地(396)⇨大南山西鞍營地(406),24.359265,121.141501,264356,2694819
37.4K,雪山西稜,37.4,SM300,520,374,,,大雪山登山口(329)⇨奇峻山營地(360)⇨,頭鷹山(372)➡弓水營地(396)⇨大南山西鞍營地(406),24.35916,121.1423,264437,2694807
37.5K,雪山西稜,37.5,SM300,520,375,,,大雪山登山口(329)⇨奇峻山營地(360)⇨,頭鷹山(372)➡弓水營地(396)⇨大南山西鞍營地(406),24.358907,121.142891,264497,2694779
37.6K,雪山西稜,37.6,SM300,520,376,,,大雪山登山口(329)⇨奇峻山營地(360)⇨,頭鷹山(372)➡弓水營地(396)⇨大南山西鞍營地(406),24.358437,121.143382,264547,2694727
37.7K,雪山西稜,37.7,SM300,520,377,,,大雪山登山口(329)⇨奇峻山營地(360)⇨,頭鷹山(372)➡弓水營地(396)⇨大南山西鞍營地(406),24.358056,121.144146,264625,2694685
草原小營地/37.8K,雪山西稜,37.8,SM300,520,378,,,大雪山登山口(329)⇨奇峻山營地(360)⇨,頭鷹山(372)➡弓水營地(396)⇨大南山西鞍營地(406),24.357829,121.144985,264710,2694660
37.9K,雪山西稜,37.9,SM300,520,379,,,大雪山登山口(329)⇨奇峻山營地(360)⇨,頭鷹山(372)➡弓水營地(396)⇨大南山西鞍營地(406),24.357538,121.145774,264790,2694628
38.0K,雪山西稜,38,SM300,520,380,,,大雪山登山口(329)⇨奇峻山營地(360)⇨,頭鷹山(372)➡弓水營地(396)⇨大南山西鞍營地(406),24.357187,121.146438,264857,2694589
38.1K,雪山西稜,38.1,SM300,520,381,,,大雪山登山口(329)⇨奇峻山營地(360)⇨,頭鷹山(372)➡弓水營地(396)⇨大南山西鞍營地(406),24.356602,121.146662,264880,2694525
38.2K,雪山西稜,38.2,SM300,520,382,,,大雪山登山口(329)⇨奇峻山營地(360)⇨,頭鷹山(372)➡弓水營地(396)⇨大南山西鞍營地(406),24.357131,121.147146,264929,2694583
38.3K,雪山西稜,38.3,SM300,520,383,,,大雪山登山口(329)⇨奇峻山營地(360)⇨,頭鷹山(372)➡弓水營地(396)⇨大南山西鞍營地(406),24.357247,121.147752,264991,2694596
38.4K,雪山西稜,38.4,SM300,520,384,,,大雪山登山口(329)⇨奇峻山營地(360)⇨,頭鷹山(372)➡弓水營地(396)⇨大南山西鞍營地(406),24.357499,121.148654,265082,2694624
38.5K,雪山西稜,38.5,SM300,520,385,,,大雪山登山口(329)⇨奇峻山營地(360)⇨,頭鷹山(372)➡弓水營地(396)⇨大南山西鞍營地(406),24.357825,121.149541,265172,2694660
38.6K,雪山西稜,38.6,SM300,520,386,,,大雪山登山口(329)⇨奇峻山營地(360)⇨,頭鷹山(372)➡弓水營地(396)⇨大南山西鞍營地(406),24.358299,121.15034,265253,2694713
38.7K,雪山西稜,38.7,SM300,520,387,,,大雪山登山口(329)⇨奇峻山營地(360)⇨,頭鷹山(372)➡弓水營地(396)⇨大南山西鞍營地(406),24.358313,121.151287,265349,2694715
38.8K,雪山西稜,38.8,SM300,520,388,,,大雪山登山口(329)⇨奇峻山營地(360)⇨,頭鷹山(372)➡弓水營地(396)⇨大南山西鞍營地(406),24.35815,121.152234,265445,2694697
38.9K,雪山西稜,38.9,SM300,520,389,,,大雪山登山口(329)⇨奇峻山營地(360)⇨,頭鷹山(372)➡弓水營地(396)⇨大南山西鞍營地(406),24.357917,121.153144,265538,2694671
39.0K,雪山西稜,39,SM300,520,390,,,大雪山登山口(329)⇨奇峻山營地(360)⇨,頭鷹山(372)➡弓水營地(396)⇨大南山西鞍營地(406),24.35746,121.153922,265617,2694620
39.1K,雪山西稜,39.1,SM300,520,391,,,大雪山登山口(329)⇨奇峻山營地(360)⇨,頭鷹山(372)➡弓水營地(396)⇨大南山西鞍營地(406),24.356796,121.154116,265636,2694547
39.2K,雪山西稜,39.2,SM300,520,392,,,大雪山登山口(329)⇨奇峻山營地(360)⇨,頭鷹山(372)➡弓水營地(396)⇨大南山西鞍營地(406),24.35643,121.154828,265709,2694506
39.3K,雪山西稜,39.3,SM300,520,393,,,大雪山登山口(329)⇨奇峻山營地(360)⇨,頭鷹山(372)➡弓水營地(396)⇨大南山西鞍營地(406),24.355901,121.155575,265785,2694448
39.4K,雪山西稜,39.4,SM300,520,394,,,大雪山登山口(329)⇨奇峻山營地(360)⇨,頭鷹山(372)➡弓水營地(396)⇨大南山西鞍營地(406),24.355776,121.156487,265877,2694434
39.5K,雪山西稜,39.5,SM300,520,395,,,大雪山登山口(329)⇨奇峻山營地(360)⇨,頭鷹山(372)➡弓水營地(396)⇨大南山西鞍營地(406),24.355419,121.157204,265950,2694395
弓水營地/39.6K,雪山西稜,39.6,SM300,520,396,弓水營地,,大雪山登山口(329)⇨奇峻山營地(360)⇨,頭鷹山(372)⇨弓水營地(396)➡大南山西鞍營地(406),24.355055,121.158013,266032,2694354
39.7K,雪山西稜,39.7,SM300,520,397,,,大雪山登山口(329)⇨奇峻山營地(360)⇨,頭鷹山(372)⇨弓水營地(396)➡大南山西鞍營地(406),24.355677,121.158644,266096,2694423
39.8K,雪山西稜,39.8,SM300,520,398,,,大雪山登山口(329)⇨奇峻山營地(360)⇨,頭鷹山(372)⇨弓水營地(396)➡大南山西鞍營地(406),24.356431,121.159111,266143,2694507
39.9K,雪山西稜,39.9,SM300,520,399,,,大雪山登山口(329)⇨奇峻山營地(360)⇨,頭鷹山(372)⇨弓水營地(396)➡大南山西鞍營地(406),24.356851,121.15994,266227,2694554
40.0K,雪山西稜,40,SM300,520,400,,,大雪山登山口(329)⇨奇峻山營地(360)⇨,頭鷹山(372)⇨弓水營地(396)➡大南山西鞍營地(406),24.357388,121.160662,266300,2694613
40.1K,雪山西稜,40.1,SM300,520,401,,,大雪山登山口(329)⇨奇峻山營地(360)⇨,頭鷹山(372)⇨弓水營地(396)➡大南山西鞍營地(406),24.358061,121.161246,266360,2694688
40.2K,雪山西稜,40.2,SM300,520,402,,,大雪山登山口(329)⇨奇峻山營地(360)⇨,頭鷹山(372)⇨弓水營地(396)➡大南山西鞍營地(406),24.358247,121.162107,266447,2694708
40.3K,雪山西稜,40.3,SM300,520,403,,,大雪山登山口(329)⇨奇峻山營地(360)⇨,頭鷹山(372)⇨弓水營地(396)➡大南山西鞍營地(406),24.358674,121.162654,266502,2694756
40.4K,雪山西稜,40.4,SM300,520,404,,,大雪山登山口(329)⇨奇峻山營地(360)⇨,頭鷹山(372)⇨弓水營地(396)➡大南山西鞍營地(406),24.35946,121.162824,266520,2694843
40.5K,雪山西稜,40.5,SM300,520,405,,,大雪山登山口(329)⇨奇峻山營地(360)⇨,頭鷹山(372)⇨弓水營地(396)➡大南山西鞍營地(406),24.36029,121.163182,266556,2694935
大南山西鞍營地/40.6K,雪山西稜,40.6,SM300,520,406,大南山西鞍營地,,大南山西鞍營地(406)➡火石山營地(449)⇨,博可爾草原(483)⇨下翠池(503)⇨翠池山屋(520),24.361098,121.16358,266596,2695024
40.7K,雪山西稜,40.7,SM300,520,407,,,大南山西鞍營地(406)➡火石山營地(449)⇨,博可爾草原(483)⇨下翠池(503)⇨翠池山屋(520),24.361459,121.164458,266685,2695065
40.8K,雪山西稜,40.8,SM300,520,408,,,大南山西鞍營地(406)➡火石山營地(449)⇨,博可爾草原(483)⇨下翠池(503)⇨翠池山屋(520),24.361493,121.165479,266789,2695068
40.9K,雪山西稜,40.9,SM300,520,409,,,大南山西鞍營地(406)➡火石山營地(449)⇨,博可爾草原(483)⇨下翠池(503)⇨翠池山屋(520),24.361756,121.166407,266883,2695098
大南山登山口/箭竹林水源/41.0K,雪山西稜,41,SM300,520,410,大南山登山口,,大南山西鞍營地(406)➡火石山營地(449)⇨,博可爾草原(483)⇨下翠池(503)⇨翠池山屋(520),24.362625,121.166703,266913,2695194
41.1K,雪山西稜,41.1,SM300,520,411,,,大南山西鞍營地(406)➡火石山營地(449)⇨,博可爾草原(483)⇨下翠池(503)⇨翠池山屋(520),24.363375,121.166361,266878,2695277
41.2K,雪山西稜,41.2,SM300,520,412,,,大南山西鞍營地(406)➡火石山營地(449)⇨,博可爾草原(483)⇨下翠池(503)⇨翠池山屋(520),24.364147,121.166168,266858,2695362
41.3K,雪山西稜,41.3,SM300,520,413,,,大南山西鞍營地(406)➡火石山營地(449)⇨,博可爾草原(483)⇨下翠池(503)⇨翠池山屋(520),24.364665,121.165701,266811,2695420
41.4K,雪山西稜,41.4,SM300,520,414,,,大南山西鞍營地(406)➡火石山營地(449)⇨,博可爾草原(483)⇨下翠池(503)⇨翠池山屋(520),24.364535,121.166552,266897,2695405
41.5K,雪山西稜,41.5,SM300,520,415,,,大南山西鞍營地(406)➡火石山營地(449)⇨,博可爾草原(483)⇨下翠池(503)⇨翠池山屋(520),24.365119,121.167103,266953,2695470
41.6K,雪山西稜,41.6,SM300,520,416,,,大南山西鞍營地(406)➡火石山營地(449)⇨,博可爾草原(483)⇨下翠池(503)⇨翠池山屋(520),24.365968,121.167123,266955,2695564
41.7K,雪山西稜,41.7,SM300,520,417,,,大南山西鞍營地(406)➡火石山營地(449)⇨,博可爾草原(483)⇨下翠池(503)⇨翠池山屋(520),24.366196,121.16744,266987,2695589
41.8K,雪山西稜,41.8,SM300,520,418,,,大南山西鞍營地(406)➡火石山營地(449)⇨,博可爾草原(483)⇨下翠池(503)⇨翠池山屋(520),24.366213,121.167768,267020,2695591
41.9K,雪山西稜,41.9,SM300,520,419,,,大南山西鞍營地(406)➡火石山營地(449)⇨,博可爾草原(483)⇨下翠池(503)⇨翠池山屋(520),24.366402,121.168611,267106,2695612
42.0K,雪山西稜,42,SM300,520,420,,,大南山西鞍營地(406)➡火石山營地(449)⇨,博可爾草原(483)⇨下翠池(503)⇨翠池山屋(520),24.36621,121.169462,267192,2695591
42.1K,雪山西稜,42.1,SM300,520,421,,,大南山西鞍營地(406)➡火石山營地(449)⇨,博可爾草原(483)⇨下翠池(503)⇨翠池山屋(520),24.366665,121.170143,267261,2695642
42.2K,雪山西稜,42.2,SM300,520,422,,,大南山西鞍營地(406)➡火石山營地(449)⇨,博可爾草原(483)⇨下翠池(503)⇨翠池山屋(520),24.367125,121.170929,267341,2695693
42.3K,雪山西稜,42.3,SM300,520,423,,,大南山西鞍營地(406)➡火石山營地(449)⇨,博可爾草原(483)⇨下翠池(503)⇨翠池山屋(520),24.367833,121.171454,267394,2695771
42.4K,雪山西稜,42.4,SM300,520,424,,,大南山西鞍營地(406)➡火石山營地(449)⇨,博可爾草原(483)⇨下翠池(503)⇨翠池山屋(520),24.368532,121.171864,267435,2695849
大南山北峰登山口/42.5K,雪山西稜,42.5,SM300,520,425,大南山北峰登山口,,大南山西鞍營地(406)➡火石山營地(449)⇨,博可爾草原(483)⇨下翠池(503)⇨翠池山屋(520),24.369143,121.172565,267507,2695917
42.6K,雪山西稜,42.6,SM300,520,426,,,大南山西鞍營地(406)➡火石山營地(449)⇨,博可爾草原(483)⇨下翠池(503)⇨翠池山屋(520),24.370022,121.172733,267523,2696014
42.7K,雪山西稜,42.7,SM300,520,427,,,大南山西鞍營地(406)➡火石山營地(449)⇨,博可爾草原(483)⇨下翠池(503)⇨翠池山屋(520),24.370903,121.172832,267533,2696111
42.8K,雪山西稜,42.8,SM300,520,428,,,大南山西鞍營地(406)➡火石山營地(449)⇨,博可爾草原(483)⇨下翠池(503)⇨翠池山屋(520),24.371766,121.172927,267543,2696207
42.9K,雪山西稜,42.9,SM300,520,429,,,大南山西鞍營地(406)➡火石山營地(449)⇨,博可爾草原(483)⇨下翠池(503)⇨翠池山屋(520),24.37251,121.173317,267582,2696290
43.0K,雪山西稜,43,SM300,520,430,,,大南山西鞍營地(406)➡火石山營地(449)⇨,博可爾草原(483)⇨下翠池(503)⇨翠池山屋(520),24.373273,121.172977,267548,2696374
43.1K,雪山西稜,43.1,SM300,520,431,,,大南山西鞍營地(406)➡火石山營地(449)⇨,博可爾草原(483)⇨下翠池(503)⇨翠池山屋(520),24.373691,121.173779,267629,2696420
43.2K,雪山西稜,43.2,SM300,520,432,,,大南山西鞍營地(406)➡火石山營地(449)⇨,博可爾草原(483)⇨下翠池(503)⇨翠池山屋(520),24.373336,121.174602,267713,2696381
43.3K,雪山西稜,43.3,SM300,520,433,,,大南山西鞍營地(406)➡火石山營地(449)⇨,博可爾草原(483)⇨下翠池(503)⇨翠池山屋(520),24.373438,121.175502,267804,2696393
43.4K,雪山西稜,43.4,SM300,520,434,,,大南山西鞍營地(406)➡火石山營地(449)⇨,博可爾草原(483)⇨下翠池(503)⇨翠池山屋(520),24.374021,121.176218,267876,2696457
43.5K,雪山西稜,43.5,SM300,520,435,,,大南山西鞍營地(406)➡火石山營地(449)⇨,博可爾草原(483)⇨下翠池(503)⇨翠池山屋(520),24.374264,121.177128,267969,2696484
43.6K,雪山西稜,43.6,SM300,520,436,,,大南山西鞍營地(406)➡火石山營地(449)⇨,博可爾草原(483)⇨下翠池(503)⇨翠池山屋(520),24.374068,121.178078,268065,2696463
43.7K,雪山西稜,43.7,SM300,520,437,,,大南山西鞍營地(406)➡火石山營地(449)⇨,博可爾草原(483)⇨下翠池(503)⇨翠池山屋(520),24.374104,121.17894,268153,2696467
43.8K,雪山西稜,43.8,SM300,520,438,,,大南山西鞍營地(406)➡火石山營地(449)⇨,博可爾草原(483)⇨下翠池(503)⇨翠池山屋(520),24.374975,121.179012,268160,2696563
43.9K,雪山西稜,43.9,SM300,520,439,,,大南山西鞍營地(406)➡火石山營地(449)⇨,博可爾草原(483)⇨下翠池(503)⇨翠池山屋(520),24.375541,121.179623,268222,2696626
44.0K,雪山西稜,44,SM300,520,440,,,大南山西鞍營地(406)➡火石山營地(449)⇨,博可爾草原(483)⇨下翠池(503)⇨翠池山屋(520),24.375857,121.180514,268312,2696661
44.1K,雪山西稜,44.1,SM300,520,441,,,大南山西鞍營地(406)➡火石山營地(449)⇨,博可爾草原(483)⇨下翠池(503)⇨翠池山屋(520),24.376573,121.181007,268362,2696741
岩壁水源/44.2K,雪山西稜,44.2,SM300,520,442,岩壁水源,,大南山西鞍營地(406)➡火石山營地(449)⇨,博可爾草原(483)⇨下翠池(503)⇨翠池山屋(520),24.377408,121.181059,268367,2696833
44.3K,雪山西稜,44.3,SM300,520,443,,,大南山西鞍營地(406)➡火石山營地(449)⇨,博可爾草原(483)⇨下翠池(503)⇨翠池山屋(520),24.377797,121.181854,268448,2696876
44.4K,雪山西稜,44.4,SM300,520,444,,,大南山西鞍營地(406)➡火石山營地(449)⇨,博可爾草原(483)⇨下翠池(503)⇨翠池山屋(520),24.378018,121.182621,268525,2696901
44.5K,雪山西稜,44.5,SM300,520,445,,,大南山西鞍營地(406)➡火石山營地(449)⇨,博可爾草原(483)⇨下翠池(503)⇨翠池山屋(520),24.377991,121.183378,268602,2696898
44.6K,雪山西稜,44.6,SM300,520,446,,,大南山西鞍營地(406)➡火石山營地(449)⇨,博可爾草原(483)⇨下翠池(503)⇨翠池山屋(520),24.378682,121.183066,268570,2696974
44.7K,雪山西稜,44.7,SM300,520,447,,,大南山西鞍營地(406)➡火石山營地(449)⇨,博可爾草原(483)⇨下翠池(503)⇨翠池山屋(520),24.379367,121.182768,268540,2697050
44.8K,雪山西稜,44.8,SM300,520,448,,,大南山西鞍營地(406)➡火石山營地(449)⇨,博可爾草原(483)⇨下翠池(503)⇨翠池山屋(520),24.379853,121.18228,268491,2697104
火石山下營地/44.9K,雪山西稜,44.9,SM300,520,449,火石山營地,,大南山西鞍營地(406)⇨火石山營地(449)➡,博可爾草原(483)⇨下翠池(503)⇨翠池山屋(520),24.380196,121.181633,268425,2697142
45.0K,雪山西稜,45,SM300,520,450,,,大南山西鞍營地(406)⇨火石山營地(449)➡,博可爾草原(483)⇨下翠池(503)⇨翠池山屋(520),24.380837,121.182375,268500,2697213
45.1K,雪山西稜,45.1,SM300,520,451,,,大南山西鞍營地(406)⇨火石山營地(449)➡,博可爾草原(483)⇨下翠池(503)⇨翠池山屋(520),24.381178,121.183235,268587,2697251
45.2K,雪山西稜,45.2,SM300,520,452,,,大南山西鞍營地(406)⇨火石山營地(449)➡,博可爾草原(483)⇨下翠池(503)⇨翠池山屋(520),24.381263,121.184175,268683,2697260
45.3K,雪山西稜,45.3,SM300,520,453,,,大南山西鞍營地(406)⇨火石山營地(449)➡,博可爾草原(483)⇨下翠池(503)⇨翠池山屋(520),24.381167,121.185132,268780,2697250
45.4K,雪山西稜,45.4,SM300,520,454,,,大南山西鞍營地(406)⇨火石山營地(449)➡,博可爾草原(483)⇨下翠池(503)⇨翠池山屋(520),24.381225,121.18609,268877,2697256
45.5K,雪山西稜,45.5,SM300,520,455,,,大南山西鞍營地(406)⇨火石山營地(449)➡,博可爾草原(483)⇨下翠池(503)⇨翠池山屋(520),24.381268,121.187041,268973,2697261
45.6K,雪山西稜,45.6,SM300,520,456,,,大南山西鞍營地(406)⇨火石山營地(449)➡,博可爾草原(483)⇨下翠池(503)⇨翠池山屋(520),24.381599,121.187784,269049,2697298
45.7K,雪山西稜,45.7,SM300,520,457,,,大南山西鞍營地(406)⇨火石山營地(449)➡,博可爾草原(483)⇨下翠池(503)⇨翠池山屋(520),24.381243,121.188669,269138,2697259
45.8K,雪山西稜,45.8,SM300,520,458,,,大南山西鞍營地(406)⇨火石山營地(449)➡,博可爾草原(483)⇨下翠池(503)⇨翠池山屋(520),24.380997,121.189535,269226,2697232
45.9K,雪山西稜,45.9,SM300,520,459,,,大南山西鞍營地(406)⇨火石山營地(449)➡,博可爾草原(483)⇨下翠池(503)⇨翠池山屋(520),24.381335,121.190335,269307,2697269
46.0K,雪山西稜,46,SM300,520,460,,,大南山西鞍營地(406)⇨火石山營地(449)➡,博可爾草原(483)⇨下翠池(503)⇨翠池山屋(520),24.382098,121.190304,269304,2697354
46.1K,雪山西稜,46.1,SM300,520,461,,,大南山西鞍營地(406)⇨火石山營地(449)➡,博可爾草原(483)⇨下翠池(503)⇨翠池山屋(520),24.382961,121.190366,269310,2697449
46.2K,雪山西稜,46.2,SM300,520,462,,,大南山西鞍營地(406)⇨火石山營地(449)➡,博可爾草原(483)⇨下翠池(503)⇨翠池山屋(520),24.38348,121.191097,269384,2697507
46.3K,雪山西稜,46.3,SM300,520,463,,,大南山西鞍營地(406)⇨火石山營地(449)➡,博可爾草原(483)⇨下翠池(503)⇨翠池山屋(520),24.383997,121.191861,269462,2697564
46.4K,雪山西稜,46.4,SM300,520,464,,,大南山西鞍營地(406)⇨火石山營地(449)➡,博可爾草原(483)⇨下翠池(503)⇨翠池山屋(520),24.384645,121.19249,269525,2697636
46.5K,雪山西稜,46.5,SM300,520,465,,,大南山西鞍營地(406)⇨火石山營地(449)➡,博可爾草原(483)⇨下翠池(503)⇨翠池山屋(520),24.38545,121.192829,269560,2697725
46.6K,雪山西稜,46.6,SM300,520,466,,,大南山西鞍營地(406)⇨火石山營地(449)➡,博可爾草原(483)⇨下翠池(503)⇨翠池山屋(520),24.386283,121.192659,269542,2697818
46.7K,雪山西稜,46.7,SM300,520,467,,,大南山西鞍營地(406)⇨火石山營地(449)➡,博可爾草原(483)⇨下翠池(503)⇨翠池山屋(520),24.386888,121.193182,269595,2697885
46.8K,雪山西稜,46.8,SM300,520,468,,,大南山西鞍營地(406)⇨火石山營地(449)➡,博可爾草原(483)⇨下翠池(503)⇨翠池山屋(520),24.387039,121.194123,269691,2697901
46.9K,雪山西稜,46.9,SM300,520,469,,,大南山西鞍營地(406)⇨火石山營地(449)➡,博可爾草原(483)⇨下翠池(503)⇨翠池山屋(520),24.38768,121.194631,269742,2697973
47.0K,雪山西稜,47,SM300,520,470,,,大南山西鞍營地(406)⇨火石山營地(449)➡,博可爾草原(483)⇨下翠池(503)⇨翠池山屋(520),24.38823,121.195394,269820,2698034
47.1K,雪山西稜,47.1,SM300,520,471,,,大南山西鞍營地(406)⇨火石山營地(449)➡,博可爾草原(483)⇨下翠池(503)⇨翠池山屋(520),24.388608,121.196253,269907,2698076
47.2K,雪山西稜,47.2,SM300,520,472,,,大南山西鞍營地(406)⇨火石山營地(449)➡,博可爾草原(483)⇨下翠池(503)⇨翠池山屋(520),24.388869,121.197168,269999,2698105
47.3K,雪山西稜,47.3,SM300,520,473,,,大南山西鞍營地(406)⇨火石山營地(449)➡,博可爾草原(483)⇨下翠池(503)⇨翠池山屋(520),24.38899,121.198102,270094,2698118
47.4K,雪山西稜,47.4,SM300,520,474,,,大南山西鞍營地(406)⇨火石山營地(449)➡,博可爾草原(483)⇨下翠池(503)⇨翠池山屋(520),24.389543,121.198789,270164,2698179
47.5K,雪山西稜,47.5,SM300,520,475,,,大南山西鞍營地(406)⇨火石山營地(449)➡,博可爾草原(483)⇨下翠池(503)⇨翠池山屋(520),24.390201,121.199434,270229,2698252
47.6K,雪山西稜,47.6,SM300,520,476,,,大南山西鞍營地(406)⇨火石山營地(449)➡,博可爾草原(483)⇨下翠池(503)⇨翠池山屋(520),24.390851,121.200091,270296,2698324
47.7K,雪山西稜,47.7,SM300,520,477,,,大南山西鞍營地(406)⇨火石山營地(449)➡,博可爾草原(483)⇨下翠池(503)⇨翠池山屋(520),24.391462,121.200714,270359,2698392
47.8K,雪山西稜,47.8,SM300,520,478,,,大南山西鞍營地(406)⇨火石山營地(449)➡,博可爾草原(483)⇨下翠池(503)⇨翠池山屋(520),24.391857,121.201582,270447,2698436
47.9K,雪山西稜,47.9,SM300,520,479,,,大南山西鞍營地(406)⇨火石山營地(449)➡,博可爾草原(483)⇨下翠池(503)⇨翠池山屋(520),24.392153,121.202491,270539,2698469
48.0K,雪山西稜,48,SM300,520,480,,,大南山西鞍營地(406)⇨火石山營地(449)➡,博可爾草原(483)⇨下翠池(503)⇨翠池山屋(520),24.392455,121.203348,270626,2698503
48.1K,雪山西稜,48.1,SM300,520,481,,,大南山西鞍營地(406)⇨火石山營地(449)➡,博可爾草原(483)⇨下翠池(503)⇨翠池山屋(520),24.392964,121.204142,270706,2698559
48.2K,雪山西稜,48.2,SM300,520,482,,,大南山西鞍營地(406)⇨火石山營地(449)➡,博可爾草原(483)⇨下翠池(503)⇨翠池山屋(520),24.393681,121.204699,270762,2698639
博可爾草原/48.3K,雪山西稜,48.3,SM300,520,483,博可爾草原,,大南山西鞍營地(406)⇨火石山營地(449)⇨,博可爾草原(483)➡下翠池(503)⇨翠池山屋(520),24.394438,121.205151,270808,2698723
48.4K,雪山西稜,48.4,SM300,520,484,,,大南山西鞍營地(406)⇨火石山營地(449)⇨,博可爾草原(483)➡下翠池(503)⇨翠池山屋(520),24.394652,121.206104,270905,2698746
48.5K,雪山西稜,48.5,SM300,520,485,,,大南山西鞍營地(406)⇨火石山營地(449)⇨,博可爾草原(483)➡下翠池(503)⇨翠池山屋(520),24.39466,121.207104,271006,2698747
48.6K,雪山西稜,48.6,SM300,520,486,,,大南山西鞍營地(406)⇨火石山營地(449)⇨,博可爾草原(483)➡下翠池(503)⇨翠池山屋(520),24.394777,121.208072,271104,2698761
48.7K,雪山西稜,48.7,SM300,520,487,,,大南山西鞍營地(406)⇨火石山營地(449)⇨,博可爾草原(483)➡下翠池(503)⇨翠池山屋(520),24.394711,121.209027,271201,2698753
48.8K,雪山西稜,48.8,SM300,520,488,,,大南山西鞍營地(406)⇨火石山營地(449)⇨,博可爾草原(483)➡下翠池(503)⇨翠池山屋(520),24.394207,121.209818,271282,2698698
48.9K,雪山西稜,48.9,SM300,520,489,,,大南山西鞍營地(406)⇨火石山營地(449)⇨,博可爾草原(483)➡下翠池(503)⇨翠池山屋(520),24.393444,121.210161,271316,2698613
49.0K,雪山西稜,49,SM300,520,490,,,大南山西鞍營地(406)⇨火石山營地(449)⇨,博可爾草原(483)➡下翠池(503)⇨翠池山屋(520),24.3926,121.210064,271307,2698520
49.1K,雪山西稜,49.1,SM300,520,491,,,大南山西鞍營地(406)⇨火石山營地(449)⇨,博可爾草原(483)➡下翠池(503)⇨翠池山屋(520),24.391879,121.209877,271288,2698440
49.2K,雪山西稜,49.2,SM300,520,492,,,大南山西鞍營地(406)⇨火石山營地(449)⇨,博可爾草原(483)➡下翠池(503)⇨翠池山屋(520),24.39117,121.209967,271297,2698361
博可爾前營地/49.3K,雪山西稜,49.3,SM300,520,493,,,大南山西鞍營地(406)⇨火石山營地(449)⇨,博可爾草原(483)➡下翠池(503)⇨翠池山屋(520),24.390316,121.210288,271330,2698267
49.4K,雪山西稜,49.4,SM300,520,494,,,大南山西鞍營地(406)⇨火石山營地(449)⇨,博可爾草原(483)➡下翠池(503)⇨翠池山屋(520),24.389606,121.209944,271295,2698188
49.5K,雪山西稜,49.5,SM300,520,495,,,大南山西鞍營地(406)⇨火石山營地(449)⇨,博可爾草原(483)➡下翠池(503)⇨翠池山屋(520),24.389189,121.209558,271256,2698142
49.6K,雪山西稜,49.6,SM300,520,496,,,大南山西鞍營地(406)⇨火石山營地(449)⇨,博可爾草原(483)➡下翠池(503)⇨翠池山屋(520),24.388685,121.209992,271300,2698086
49.7K,雪山西稜,49.7,SM300,520,497,,,大南山西鞍營地(406)⇨火石山營地(449)⇨,博可爾草原(483)➡下翠池(503)⇨翠池山屋(520),24.388346,121.210683,271370,2698049
49.8K,雪山西稜,49.8,SM300,520,498,,,大南山西鞍營地(406)⇨火石山營地(449)⇨,博可爾草原(483)➡下翠池(503)⇨翠池山屋(520),24.387702,121.211341,271437,2697977
49.9K,雪山西稜,49.9,SM300,520,499,,,大南山西鞍營地(406)⇨火石山營地(449)⇨,博可爾草原(483)➡下翠池(503)⇨翠池山屋(520),24.38712,121.212076,271512,2697913
50.0K,雪山西稜,50,SM300,520,500,,,大南山西鞍營地(406)⇨火石山營地(449)⇨,博可爾草原(483)➡下翠池(503)⇨翠池山屋(520),24.386653,121.212894,271595,2697861
50.1K,雪山西稜,50.1,SM300,520,501,,,大南山西鞍營地(406)⇨火石山營地(449)⇨,博可爾草原(483)➡下翠池(503)⇨翠池山屋(520),24.386159,121.213689,271676,2697807
50.2K,雪山西稜,50.2,SM300,520,502,,,大南山西鞍營地(406)⇨火石山營地(449)⇨,博可爾草原(483)➡下翠池(503)⇨翠池山屋(520),24.385579,121.214396,271747,2697743
下翠池/50.3K,雪山西稜,50.3,SM300,520,503,下翠池,,大南山西鞍營地(406)⇨火石山營地(449)⇨,博可爾草原(483)⇨下翠池(503)➡翠池山屋(520),24.384907,121.214989,271808,2697668
50.4K,雪山西稜,50.4,SM300,520,504,,,大南山西鞍營地(406)⇨火石山營地(449)⇨,博可爾草原(483)⇨下翠池(503)➡翠池山屋(520),24.384323,121.215638,271874,2697604
50.5K,雪山西稜,50.5,SM300,520,505,,,大南山西鞍營地(406)⇨火石山營地(449)⇨,博可爾草原(483)⇨下翠池(503)➡翠池山屋(520),24.383942,121.215657,271876,2697562
50.6K,雪山西稜,50.6,SM300,520,506,,,大南山西鞍營地(406)⇨火石山營地(449)⇨,博可爾草原(483)⇨下翠池(503)➡翠池山屋(520),24.383613,121.215892,271899,2697525
50.7K,雪山西稜,50.7,SM300,520,507,,,大南山西鞍營地(406)⇨火石山營地(449)⇨,博可爾草原(483)⇨下翠池(503)➡翠池山屋(520),24.383097,121.216585,271970,2697468
50.8K,雪山西稜,50.8,SM300,520,508,,,大南山西鞍營地(406)⇨火石山營地(449)⇨,博可爾草原(483)⇨下翠池(503)➡翠池山屋(520),24.383493,121.217469,272059,2697512
50.9K,雪山西稜,50.9,SM300,520,509,,,大南山西鞍營地(406)⇨火石山營地(449)⇨,博可爾草原(483)⇨下翠池(503)➡翠池山屋(520),24.383899,121.218327,272146,2697557
小溪水源/51.0K,雪山西稜,51,SM300,520,510,小溪水源,,大南山西鞍營地(406)⇨火石山營地(449)⇨,博可爾草原(483)⇨下翠池(503)➡翠池山屋(520),24.384495,121.218853,272200,2697623
51.1K,雪山西稜,51.1,SM300,520,511,,,大南山西鞍營地(406)⇨火石山營地(449)⇨,博可爾草原(483)⇨下翠池(503)➡翠池山屋(520),24.385319,121.218932,272208,2697715
51.2K,雪山西稜,51.2,SM300,520,512,,,大南山西鞍營地(406)⇨火石山營地(449)⇨,博可爾草原(483)⇨下翠池(503)➡翠池山屋(520),24.386115,121.218619,272176,2697803
51.3K,雪山西稜,51.3,SM300,520,513,,,大南山西鞍營地(406)⇨火石山營地(449)⇨,博可爾草原(483)⇨下翠池(503)➡翠池山屋(520),24.386259,121.219398,272255,2697819
51.4K,雪山西稜,51.4,SM300,520,514,,,大南山西鞍營地(406)⇨火石山營地(449)⇨,博可爾草原(483)⇨下翠池(503)➡翠池山屋(520),24.386751,121.219847,272300,2697873
51.5K,雪山西稜,51.5,SM300,520,515,,,大南山西鞍營地(406)⇨火石山營地(449)⇨,博可爾草原(483)⇨下翠池(503)➡翠池山屋(520),24.386835,121.220129,272329,2697883
51.6K,雪山西稜,51.6,SM300,520,516,,,大南山西鞍營地(406)⇨火石山營地(449)⇨,博可爾草原(483)⇨下翠池(503)➡翠池山屋(520),24.386924,121.22042,272358,2697893
51.7K,雪山西稜,51.7,SM300,520,517,,,大南山西鞍營地(406)⇨火石山營地(449)⇨,博可爾草原(483)⇨下翠池(503)➡翠池山屋(520),24.386942,121.220728,272389,2697895
51.8K,雪山西稜,51.8,SM300,520,518,,,大南山西鞍營地(406)⇨火石山營地(449)⇨,博可爾草原(483)⇨下翠池(503)➡翠池山屋(520),24.386304,121.221398,272457,2697824
51.9K,雪山西稜,51.9,SM300,520,519,,,大南山西鞍營地(406)⇨火石山營地(449)⇨,博可爾草原(483)⇨下翠池(503)➡翠池山屋(520),24.385768,121.222128,272532,2697765
翠池山屋/52.0K,雪山西稜,52,SM300,520,520,翠池山屋,,,,24.385427,121.222818,272602,2697727