[路線名稱],[起點],[D1],[終點],[D2],[路線],[編碼],[分段第一行],[分段第二行],[X坐標],[Y坐標],[緯度],[經度],[D3]
西巒大山,登山口,0.0,西巒大山,6.5,XL100,00,登山口(0.0)➡林道叉路(1.68),⇨倒塌瞭望台(3.85)⇨西巒大山(6.5),240494,2623129,23.711972,120.906773,6.5
西巒大山,登山口,0.1,西巒大山,6.4,XL100,01,登山口(0.0)➡林道叉路(1.68),⇨倒塌瞭望台(3.85)⇨西巒大山(6.5),240577,2623108,23.711791,120.907590,6.5
西巒大山,登山口,0.2,西巒大山,6.3,XL100,02,登山口(0.0)➡林道叉路(1.68),⇨倒塌瞭望台(3.85)⇨西巒大山(6.5),240640,2623036,23.711133,120.908210,6.5
西巒大山,登山口,0.3,西巒大山,6.2,XL100,03,登山口(0.0)➡林道叉路(1.68),⇨倒塌瞭望台(3.85)⇨西巒大山(6.5),240681,2622948,23.710346,120.908605,6.5
西巒大山,登山口,0.4,西巒大山,6.1,XL100,04,登山口(0.0)➡林道叉路(1.68),⇨倒塌瞭望台(3.85)⇨西巒大山(6.5),240732,2622893,23.709844,120.909111,6.5
西巒大山,登山口,0.5,西巒大山,6.0,XL100,05,登山口(0.0)➡林道叉路(1.68),⇨倒塌瞭望台(3.85)⇨西巒大山(6.5),240825,2622881,23.709736,120.910021,6.5
西巒大山,登山口,0.6,西巒大山,5.9,XL100,06,登山口(0.0)➡林道叉路(1.68),⇨倒塌瞭望台(3.85)⇨西巒大山(6.5),240878,2622812,23.709113,120.910543,6.5
西巒大山,登山口,0.7,西巒大山,5.8,XL100,07,登山口(0.0)➡林道叉路(1.68),⇨倒塌瞭望台(3.85)⇨西巒大山(6.5),240963,2622799,23.708995,120.911379,6.5
西巒大山,登山口,0.8,西巒大山,5.7,XL100,08,登山口(0.0)➡林道叉路(1.68),⇨倒塌瞭望台(3.85)⇨西巒大山(6.5),240973,2622704,23.708145,120.911473,6.5
西巒大山,登山口,0.9,西巒大山,5.6,XL100,09,登山口(0.0)➡林道叉路(1.68),⇨倒塌瞭望台(3.85)⇨西巒大山(6.5),241061,2622671,23.707848,120.912334,6.5
西巒大山,登山口,1.0,西巒大山,5.5,XL100,10,登山口(0.0)➡林道叉路(1.68),⇨倒塌瞭望台(3.85)⇨西巒大山(6.5),241145,2622625,23.707430,120.913156,6.5
西巒大山,登山口,1.1,西巒大山,5.4,XL100,11,登山口(0.0)➡林道叉路(1.68),⇨倒塌瞭望台(3.85)⇨西巒大山(6.5),241214,2622582,23.707041,120.913833,6.5
西巒大山,登山口,1.2,西巒大山,5.3,XL100,12,登山口(0.0)➡林道叉路(1.68),⇨倒塌瞭望台(3.85)⇨西巒大山(6.5),241299,2622560,23.706845,120.914670,6.5
西巒大山,登山口,1.3,西巒大山,5.2,XL100,13,登山口(0.0)➡林道叉路(1.68),⇨倒塌瞭望台(3.85)⇨西巒大山(6.5),241379,2622517,23.706456,120.915457,6.5
西巒大山,登山口,1.4,西巒大山,5.1,XL100,14,登山口(0.0)➡林道叉路(1.68),⇨倒塌瞭望台(3.85)⇨西巒大山(6.5),241461,2622477,23.706098,120.916260,6.5
西巒大山,登山口,1.5,西巒大山,5.0,XL100,15,登山口(0.0)➡林道叉路(1.68),⇨倒塌瞭望台(3.85)⇨西巒大山(6.5),241551,2622457,23.705913,120.917140,6.5
西巒大山,登山口,1.6,西巒大山,4.9,XL100,16,登山口(0.0)➡林道叉路(1.68),⇨倒塌瞭望台(3.85)⇨西巒大山(6.5),241666,2622450,23.705855,120.918269,6.5
西巒大山,登山口,1.7,西巒大山,4.8,XL100,17,登山口(0.0)⇨林道叉路(1.68),➡倒塌瞭望台(3.85)⇨西巒大山(6.5),241775,2622436,23.705729,120.919337,6.5
西巒大山,登山口,1.8,西巒大山,4.7,XL100,18,登山口(0.0)⇨林道叉路(1.68),➡倒塌瞭望台(3.85)⇨西巒大山(6.5),241857,2622392,23.705331,120.920141,6.5
西巒大山,登山口,1.9,西巒大山,4.6,XL100,19,登山口(0.0)⇨林道叉路(1.68),➡倒塌瞭望台(3.85)⇨西巒大山(6.5),241923,2622334,23.704807,120.920793,6.5
西巒大山,登山口,2.0,西巒大山,4.5,XL100,20,登山口(0.0)⇨林道叉路(1.68),➡倒塌瞭望台(3.85)⇨西巒大山(6.5),242005,2622315,23.704630,120.921593,6.5
西巒大山,登山口,2.1,西巒大山,4.4,XL100,21,登山口(0.0)⇨林道叉路(1.68),➡倒塌瞭望台(3.85)⇨西巒大山(6.5),242089,2622315,23.704630,120.922420,6.5
西巒大山,登山口,2.2,西巒大山,4.3,XL100,22,登山口(0.0)⇨林道叉路(1.68),➡倒塌瞭望台(3.85)⇨西巒大山(6.5),242151,2622327,23.704742,120.923032,6.5
西巒大山,登山口,2.3,西巒大山,4.2,XL100,23,登山口(0.0)⇨林道叉路(1.68),➡倒塌瞭望台(3.85)⇨西巒大山(6.5),242183,2622285,23.704366,120.923341,6.5
西巒大山,登山口,2.4,西巒大山,4.1,XL100,24,登山口(0.0)⇨林道叉路(1.68),➡倒塌瞭望台(3.85)⇨西巒大山(6.5),242246,2622241,23.703968,120.923960,6.5
西巒大山,登山口,2.5,西巒大山,4.0,XL100,25,登山口(0.0)⇨林道叉路(1.68),➡倒塌瞭望台(3.85)⇨西巒大山(6.5),242333,2622205,23.703645,120.924818,6.5
西巒大山,登山口,2.6,西巒大山,3.9,XL100,26,登山口(0.0)⇨林道叉路(1.68),➡倒塌瞭望台(3.85)⇨西巒大山(6.5),242426,2622185,23.703460,120.925724,6.5
西巒大山,登山口,2.7,西巒大山,3.8,XL100,27,登山口(0.0)⇨林道叉路(1.68),➡倒塌瞭望台(3.85)⇨西巒大山(6.5),242511,2622170,23.703327,120.926562,6.5
西巒大山,登山口,2.8,西巒大山,3.7,XL100,28,登山口(0.0)⇨林道叉路(1.68),➡倒塌瞭望台(3.85)⇨西巒大山(6.5),242600,2622204,23.703638,120.927428,6.5
西巒大山,登山口,2.9,西巒大山,3.6,XL100,29,登山口(0.0)⇨林道叉路(1.68),➡倒塌瞭望台(3.85)⇨西巒大山(6.5),242678,2622240,23.703959,120.928198,6.5
西巒大山,登山口,3.0,西巒大山,3.5,XL100,30,登山口(0.0)⇨林道叉路(1.68),➡倒塌瞭望台(3.85)⇨西巒大山(6.5),242748,2622289,23.704407,120.928884,6.5
西巒大山,登山口,3.1,西巒大山,3.4,XL100,31,登山口(0.0)⇨林道叉路(1.68),➡倒塌瞭望台(3.85)⇨西巒大山(6.5),242844,2622287,23.704387,120.929820,6.5
西巒大山,登山口,3.2,西巒大山,3.3,XL100,32,登山口(0.0)⇨林道叉路(1.68),➡倒塌瞭望台(3.85)⇨西巒大山(6.5),242931,2622309,23.704585,120.930675,6.5
西巒大山,登山口,3.3,西巒大山,3.2,XL100,33,登山口(0.0)⇨林道叉路(1.68),➡倒塌瞭望台(3.85)⇨西巒大山(6.5),242976,2622372,23.705157,120.931115,6.5
西巒大山,登山口,3.4,西巒大山,3.1,XL100,34,登山口(0.0)⇨林道叉路(1.68),➡倒塌瞭望台(3.85)⇨西巒大山(6.5),243030,2622418,23.705573,120.931644,6.5
西巒大山,登山口,3.5,西巒大山,3.0,XL100,35,登山口(0.0)⇨林道叉路(1.68),➡倒塌瞭望台(3.85)⇨西巒大山(6.5),243098,2622461,23.705955,120.932314,6.5
西巒大山,登山口,3.6,西巒大山,2.9,XL100,36,登山口(0.0)⇨林道叉路(1.68),➡倒塌瞭望台(3.85)⇨西巒大山(6.5),243172,2622498,23.706290,120.933039,6.5
西巒大山,登山口,3.7,西巒大山,2.8,XL100,37,登山口(0.0)⇨林道叉路(1.68),➡倒塌瞭望台(3.85)⇨西巒大山(6.5),243252,2622511,23.706410,120.933821,6.5
西巒大山,登山口,3.8,西巒大山,2.7,XL100,38,登山口(0.0)⇨林道叉路(1.68),➡倒塌瞭望台(3.85)⇨西巒大山(6.5),243334,2622470,23.706043,120.934632,6.5
西巒大山,登山口,3.9,西巒大山,2.6,XL100,39,登山口(0.0)⇨林道叉路(1.68),⇨倒塌瞭望台(3.85)➡西巒大山(6.5),243426,2622457,23.705921,120.935529,6.5
西巒大山,登山口,4.0,西巒大山,2.5,XL100,40,登山口(0.0)⇨林道叉路(1.68),⇨倒塌瞭望台(3.85)➡西巒大山(6.5),243507,2622425,23.705631,120.936325,6.5
西巒大山,登山口,4.1,西巒大山,2.4,XL100,41,登山口(0.0)⇨林道叉路(1.68),⇨倒塌瞭望台(3.85)➡西巒大山(6.5),243565,2622355,23.705002,120.936892,6.5
西巒大山,登山口,4.2,西巒大山,2.3,XL100,42,登山口(0.0)⇨林道叉路(1.68),⇨倒塌瞭望台(3.85)➡西巒大山(6.5),243585,2622272,23.704253,120.937095,6.5
西巒大山,登山口,4.3,西巒大山,2.2,XL100,43,登山口(0.0)⇨林道叉路(1.68),⇨倒塌瞭望台(3.85)➡西巒大山(6.5),243650,2622242,23.703982,120.937731,6.5
西巒大山,登山口,4.4,西巒大山,2.1,XL100,44,登山口(0.0)⇨林道叉路(1.68),⇨倒塌瞭望台(3.85)➡西巒大山(6.5),243718,2622210,23.703690,120.938394,6.5
西巒大山,登山口,4.5,西巒大山,2.0,XL100,45,登山口(0.0)⇨林道叉路(1.68),⇨倒塌瞭望台(3.85)➡西巒大山(6.5),243709,2622136,23.703026,120.938307,6.5
西巒大山,登山口,4.6,西巒大山,1.9,XL100,46,登山口(0.0)⇨林道叉路(1.68),⇨倒塌瞭望台(3.85)➡西巒大山(6.5),243733,2622069,23.702422,120.938544,6.5
西巒大山,登山口,4.7,西巒大山,1.8,XL100,47,登山口(0.0)⇨林道叉路(1.68),⇨倒塌瞭望台(3.85)➡西巒大山(6.5),243731,2621992,23.701726,120.938525,6.5
西巒大山,登山口,4.8,西巒大山,1.7,XL100,48,登山口(0.0)⇨林道叉路(1.68),⇨倒塌瞭望台(3.85)➡西巒大山(6.5),243716,2621934,23.701201,120.938382,6.5
西巒大山,登山口,4.9,西巒大山,1.6,XL100,49,登山口(0.0)⇨林道叉路(1.68),⇨倒塌瞭望台(3.85)➡西巒大山(6.5),243781,2621891,23.700811,120.939018,6.5
西巒大山,登山口,5.0,西巒大山,1.5,XL100,50,登山口(0.0)⇨林道叉路(1.68),⇨倒塌瞭望台(3.85)➡西巒大山(6.5),243838,2621837,23.700328,120.939570,6.5
西巒大山,登山口,5.1,西巒大山,1.4,XL100,51,登山口(0.0)⇨林道叉路(1.68),⇨倒塌瞭望台(3.85)➡西巒大山(6.5),243905,2621814,23.700117,120.940231,6.5
西巒大山,登山口,5.2,西巒大山,1.3,XL100,52,登山口(0.0)⇨林道叉路(1.68),⇨倒塌瞭望台(3.85)➡西巒大山(6.5),243956,2621770,23.699720,120.940735,6.5
西巒大山,登山口,5.3,西巒大山,1.2,XL100,53,登山口(0.0)⇨林道叉路(1.68),⇨倒塌瞭望台(3.85)➡西巒大山(6.5),243991,2621741,23.699458,120.941075,6.5
西巒大山,登山口,5.4,西巒大山,1.1,XL100,54,登山口(0.0)⇨林道叉路(1.68),⇨倒塌瞭望台(3.85)➡西巒大山(6.5),244031,2621661,23.698741,120.941465,6.5
西巒大山,登山口,5.5,西巒大山,1.0,XL100,55,登山口(0.0)⇨林道叉路(1.68),⇨倒塌瞭望台(3.85)➡西巒大山(6.5),244063,2621583,23.698037,120.941781,6.5
西巒大山,登山口,5.6,西巒大山,0.9,XL100,56,登山口(0.0)⇨林道叉路(1.68),⇨倒塌瞭望台(3.85)➡西巒大山(6.5),244129,2621526,23.697516,120.942429,6.5
西巒大山,登山口,5.7,西巒大山,0.8,XL100,57,登山口(0.0)⇨林道叉路(1.68),⇨倒塌瞭望台(3.85)➡西巒大山(6.5),244201,2621474,23.697049,120.943134,6.5
西巒大山,登山口,5.8,西巒大山,0.7,XL100,58,登山口(0.0)⇨林道叉路(1.68),⇨倒塌瞭望台(3.85)➡西巒大山(6.5),244250,2621402,23.696398,120.943618,6.5
西巒大山,登山口,5.9,西巒大山,0.6,XL100,59,登山口(0.0)⇨林道叉路(1.68),⇨倒塌瞭望台(3.85)➡西巒大山(6.5),244286,2621332,23.695763,120.943969,6.5
西巒大山,登山口,6.0,西巒大山,0.5,XL100,60,登山口(0.0)⇨林道叉路(1.68),⇨倒塌瞭望台(3.85)➡西巒大山(6.5),244352,2621299,23.695470,120.944613,6.5
西巒大山,登山口,6.1,西巒大山,0.4,XL100,61,登山口(0.0)⇨林道叉路(1.68),⇨倒塌瞭望台(3.85)➡西巒大山(6.5),244393,2621248,23.695012,120.945022,6.5
西巒大山,登山口,6.2,西巒大山,0.3,XL100,62,登山口(0.0)⇨林道叉路(1.68),⇨倒塌瞭望台(3.85)➡西巒大山(6.5),244431,2621195,23.694528,120.945395,6.5
西巒大山,登山口,6.3,西巒大山,0.2,XL100,63,登山口(0.0)⇨林道叉路(1.68),⇨倒塌瞭望台(3.85)➡西巒大山(6.5),244490,2621158,23.694196,120.945966,6.5
西巒大山,登山口,6.4,西巒大山,0.1,XL100,64,登山口(0.0)⇨林道叉路(1.68),⇨倒塌瞭望台(3.85)➡西巒大山(6.5),244554,2621139,23.694026,120.946596,6.5
西巒大山,登山口,6.5,西巒大山,0.0,XL100,65,登山口(0.0)⇨林道叉路(1.68),⇨倒塌瞭望台(3.85)➡西巒大山(6.5),244624,2621137,23.694005,120.947286,6.5
西巒大山,西巒大山,6.5,登山口,0.0,XL100,00,西巒大山(6.5)⇨倒塌瞭望台(3.85),林道叉路(1.68)➡登山口(0.0),240494,2623129,23.711972,120.906773,6.5
西巒大山,西巒大山,6.4,登山口,0.1,XL100,01,西巒大山(6.5)⇨倒塌瞭望台(3.85),林道叉路(1.68)➡登山口(0.0),240577,2623108,23.711791,120.907590,6.5
西巒大山,西巒大山,6.3,登山口,0.2,XL100,02,西巒大山(6.5)⇨倒塌瞭望台(3.85),林道叉路(1.68)➡登山口(0.0),240640,2623036,23.711133,120.908210,6.5
西巒大山,西巒大山,6.2,登山口,0.3,XL100,03,西巒大山(6.5)⇨倒塌瞭望台(3.85),林道叉路(1.68)➡登山口(0.0),240681,2622948,23.710346,120.908605,6.5
西巒大山,西巒大山,6.1,登山口,0.4,XL100,04,西巒大山(6.5)⇨倒塌瞭望台(3.85),林道叉路(1.68)➡登山口(0.0),240732,2622893,23.709844,120.909111,6.5
西巒大山,西巒大山,6.0,登山口,0.5,XL100,05,西巒大山(6.5)⇨倒塌瞭望台(3.85),林道叉路(1.68)➡登山口(0.0),240825,2622881,23.709736,120.910021,6.5
西巒大山,西巒大山,5.9,登山口,0.6,XL100,06,西巒大山(6.5)⇨倒塌瞭望台(3.85),林道叉路(1.68)➡登山口(0.0),240878,2622812,23.709113,120.910543,6.5
西巒大山,西巒大山,5.8,登山口,0.7,XL100,07,西巒大山(6.5)⇨倒塌瞭望台(3.85),林道叉路(1.68)➡登山口(0.0),240963,2622799,23.708995,120.911379,6.5
西巒大山,西巒大山,5.7,登山口,0.8,XL100,08,西巒大山(6.5)⇨倒塌瞭望台(3.85),林道叉路(1.68)➡登山口(0.0),240973,2622704,23.708145,120.911473,6.5
西巒大山,西巒大山,5.6,登山口,0.9,XL100,09,西巒大山(6.5)⇨倒塌瞭望台(3.85),林道叉路(1.68)➡登山口(0.0),241061,2622671,23.707848,120.912334,6.5
西巒大山,西巒大山,5.5,登山口,1.0,XL100,10,西巒大山(6.5)⇨倒塌瞭望台(3.85),林道叉路(1.68)➡登山口(0.0),241145,2622625,23.707430,120.913156,6.5
西巒大山,西巒大山,5.4,登山口,1.1,XL100,11,西巒大山(6.5)⇨倒塌瞭望台(3.85),林道叉路(1.68)➡登山口(0.0),241214,2622582,23.707041,120.913833,6.5
西巒大山,西巒大山,5.3,登山口,1.2,XL100,12,西巒大山(6.5)⇨倒塌瞭望台(3.85),林道叉路(1.68)➡登山口(0.0),241299,2622560,23.706845,120.914670,6.5
西巒大山,西巒大山,5.2,登山口,1.3,XL100,13,西巒大山(6.5)⇨倒塌瞭望台(3.85),林道叉路(1.68)➡登山口(0.0),241379,2622517,23.706456,120.915457,6.5
西巒大山,西巒大山,5.1,登山口,1.4,XL100,14,西巒大山(6.5)⇨倒塌瞭望台(3.85),林道叉路(1.68)➡登山口(0.0),241461,2622477,23.706098,120.916260,6.5
西巒大山,西巒大山,5.0,登山口,1.5,XL100,15,西巒大山(6.5)⇨倒塌瞭望台(3.85),林道叉路(1.68)➡登山口(0.0),241551,2622457,23.705913,120.917140,6.5
西巒大山,西巒大山,4.9,登山口,1.6,XL100,16,西巒大山(6.5)⇨倒塌瞭望台(3.85),林道叉路(1.68)➡登山口(0.0),241666,2622450,23.705855,120.918269,6.5
西巒大山,西巒大山,4.8,登山口,1.7,XL100,17,西巒大山(6.5)⇨倒塌瞭望台(3.85),➡林道叉路(1.68)⇨登山口(0.0),241775,2622436,23.705729,120.919337,6.5
西巒大山,西巒大山,4.7,登山口,1.8,XL100,18,西巒大山(6.5)⇨倒塌瞭望台(3.85),➡林道叉路(1.68)⇨登山口(0.0),241857,2622392,23.705331,120.920141,6.5
西巒大山,西巒大山,4.6,登山口,1.9,XL100,19,西巒大山(6.5)⇨倒塌瞭望台(3.85),➡林道叉路(1.68)⇨登山口(0.0),241923,2622334,23.704807,120.920793,6.5
西巒大山,西巒大山,4.5,登山口,2.0,XL100,20,西巒大山(6.5)⇨倒塌瞭望台(3.85),➡林道叉路(1.68)⇨登山口(0.0),242005,2622315,23.704630,120.921593,6.5
西巒大山,西巒大山,4.4,登山口,2.1,XL100,21,西巒大山(6.5)⇨倒塌瞭望台(3.85),➡林道叉路(1.68)⇨登山口(0.0),242089,2622315,23.704630,120.922420,6.5
西巒大山,西巒大山,4.3,登山口,2.2,XL100,22,西巒大山(6.5)⇨倒塌瞭望台(3.85),➡林道叉路(1.68)⇨登山口(0.0),242151,2622327,23.704742,120.923032,6.5
西巒大山,西巒大山,4.2,登山口,2.3,XL100,23,西巒大山(6.5)⇨倒塌瞭望台(3.85),➡林道叉路(1.68)⇨登山口(0.0),242183,2622285,23.704366,120.923341,6.5
西巒大山,西巒大山,4.1,登山口,2.4,XL100,24,西巒大山(6.5)⇨倒塌瞭望台(3.85),➡林道叉路(1.68)⇨登山口(0.0),242246,2622241,23.703968,120.923960,6.5
西巒大山,西巒大山,4.0,登山口,2.5,XL100,25,西巒大山(6.5)⇨倒塌瞭望台(3.85),➡林道叉路(1.68)⇨登山口(0.0),242333,2622205,23.703645,120.924818,6.5
西巒大山,西巒大山,3.9,登山口,2.6,XL100,26,西巒大山(6.5)⇨倒塌瞭望台(3.85),➡林道叉路(1.68)⇨登山口(0.0),242426,2622185,23.703460,120.925724,6.5
西巒大山,西巒大山,3.8,登山口,2.7,XL100,27,西巒大山(6.5)⇨倒塌瞭望台(3.85),➡林道叉路(1.68)⇨登山口(0.0),242511,2622170,23.703327,120.926562,6.5
西巒大山,西巒大山,3.7,登山口,2.8,XL100,28,西巒大山(6.5)⇨倒塌瞭望台(3.85),➡林道叉路(1.68)⇨登山口(0.0),242600,2622204,23.703638,120.927428,6.5
西巒大山,西巒大山,3.6,登山口,2.9,XL100,29,西巒大山(6.5)⇨倒塌瞭望台(3.85),➡林道叉路(1.68)⇨登山口(0.0),242678,2622240,23.703959,120.928198,6.5
西巒大山,西巒大山,3.5,登山口,3.0,XL100,30,西巒大山(6.5)⇨倒塌瞭望台(3.85),➡林道叉路(1.68)⇨登山口(0.0),242748,2622289,23.704407,120.928884,6.5
西巒大山,西巒大山,3.4,登山口,3.1,XL100,31,西巒大山(6.5)⇨倒塌瞭望台(3.85),➡林道叉路(1.68)⇨登山口(0.0),242844,2622287,23.704387,120.929820,6.5
西巒大山,西巒大山,3.3,登山口,3.2,XL100,32,西巒大山(6.5)⇨倒塌瞭望台(3.85),➡林道叉路(1.68)⇨登山口(0.0),242931,2622309,23.704585,120.930675,6.5
西巒大山,西巒大山,3.2,登山口,3.3,XL100,33,西巒大山(6.5)⇨倒塌瞭望台(3.85),➡林道叉路(1.68)⇨登山口(0.0),242976,2622372,23.705157,120.931115,6.5
西巒大山,西巒大山,3.1,登山口,3.4,XL100,34,西巒大山(6.5)⇨倒塌瞭望台(3.85),➡林道叉路(1.68)⇨登山口(0.0),243030,2622418,23.705573,120.931644,6.5
西巒大山,西巒大山,3.0,登山口,3.5,XL100,35,西巒大山(6.5)⇨倒塌瞭望台(3.85),➡林道叉路(1.68)⇨登山口(0.0),243098,2622461,23.705955,120.932314,6.5
西巒大山,西巒大山,2.9,登山口,3.6,XL100,36,西巒大山(6.5)⇨倒塌瞭望台(3.85),➡林道叉路(1.68)⇨登山口(0.0),243172,2622498,23.706290,120.933039,6.5
西巒大山,西巒大山,2.8,登山口,3.7,XL100,37,西巒大山(6.5)⇨倒塌瞭望台(3.85),➡林道叉路(1.68)⇨登山口(0.0),243252,2622511,23.706410,120.933821,6.5
西巒大山,西巒大山,2.7,登山口,3.8,XL100,38,西巒大山(6.5)⇨倒塌瞭望台(3.85),➡林道叉路(1.68)⇨登山口(0.0),243334,2622470,23.706043,120.934632,6.5
西巒大山,西巒大山,2.6,登山口,3.9,XL100,39,西巒大山(6.5)➡倒塌瞭望台(3.85),⇨林道叉路(1.68)⇨登山口(0.0),243426,2622457,23.705921,120.935529,6.5
西巒大山,西巒大山,2.5,登山口,4.0,XL100,40,西巒大山(6.5)➡倒塌瞭望台(3.85),⇨林道叉路(1.68)⇨登山口(0.0),243507,2622425,23.705631,120.936325,6.5
西巒大山,西巒大山,2.4,登山口,4.1,XL100,41,西巒大山(6.5)➡倒塌瞭望台(3.85),⇨林道叉路(1.68)⇨登山口(0.0),243565,2622355,23.705002,120.936892,6.5
西巒大山,西巒大山,2.3,登山口,4.2,XL100,42,西巒大山(6.5)➡倒塌瞭望台(3.85),⇨林道叉路(1.68)⇨登山口(0.0),243585,2622272,23.704253,120.937095,6.5
西巒大山,西巒大山,2.2,登山口,4.3,XL100,43,西巒大山(6.5)➡倒塌瞭望台(3.85),⇨林道叉路(1.68)⇨登山口(0.0),243650,2622242,23.703982,120.937731,6.5
西巒大山,西巒大山,2.1,登山口,4.4,XL100,44,西巒大山(6.5)➡倒塌瞭望台(3.85),⇨林道叉路(1.68)⇨登山口(0.0),243718,2622210,23.703690,120.938394,6.5
西巒大山,西巒大山,2.0,登山口,4.5,XL100,45,西巒大山(6.5)➡倒塌瞭望台(3.85),⇨林道叉路(1.68)⇨登山口(0.0),243709,2622136,23.703026,120.938307,6.5
西巒大山,西巒大山,1.9,登山口,4.6,XL100,46,西巒大山(6.5)➡倒塌瞭望台(3.85),⇨林道叉路(1.68)⇨登山口(0.0),243733,2622069,23.702422,120.938544,6.5
西巒大山,西巒大山,1.8,登山口,4.7,XL100,47,西巒大山(6.5)➡倒塌瞭望台(3.85),⇨林道叉路(1.68)⇨登山口(0.0),243731,2621992,23.701726,120.938525,6.5
西巒大山,西巒大山,1.7,登山口,4.8,XL100,48,西巒大山(6.5)➡倒塌瞭望台(3.85),⇨林道叉路(1.68)⇨登山口(0.0),243716,2621934,23.701201,120.938382,6.5
西巒大山,西巒大山,1.6,登山口,4.9,XL100,49,西巒大山(6.5)➡倒塌瞭望台(3.85),⇨林道叉路(1.68)⇨登山口(0.0),243781,2621891,23.700811,120.939018,6.5
西巒大山,西巒大山,1.5,登山口,5.0,XL100,50,西巒大山(6.5)➡倒塌瞭望台(3.85),⇨林道叉路(1.68)⇨登山口(0.0),243838,2621837,23.700328,120.939570,6.5
西巒大山,西巒大山,1.4,登山口,5.1,XL100,51,西巒大山(6.5)➡倒塌瞭望台(3.85),⇨林道叉路(1.68)⇨登山口(0.0),243905,2621814,23.700117,120.940231,6.5
西巒大山,西巒大山,1.3,登山口,5.2,XL100,52,西巒大山(6.5)➡倒塌瞭望台(3.85),⇨林道叉路(1.68)⇨登山口(0.0),243956,2621770,23.699720,120.940735,6.5
西巒大山,西巒大山,1.2,登山口,5.3,XL100,53,西巒大山(6.5)➡倒塌瞭望台(3.85),⇨林道叉路(1.68)⇨登山口(0.0),243991,2621741,23.699458,120.941075,6.5
西巒大山,西巒大山,1.1,登山口,5.4,XL100,54,西巒大山(6.5)➡倒塌瞭望台(3.85),⇨林道叉路(1.68)⇨登山口(0.0),244031,2621661,23.698741,120.941465,6.5
西巒大山,西巒大山,1.0,登山口,5.5,XL100,55,西巒大山(6.5)➡倒塌瞭望台(3.85),⇨林道叉路(1.68)⇨登山口(0.0),244063,2621583,23.698037,120.941781,6.5
西巒大山,西巒大山,0.9,登山口,5.6,XL100,56,西巒大山(6.5)➡倒塌瞭望台(3.85),⇨林道叉路(1.68)⇨登山口(0.0),244129,2621526,23.697516,120.942429,6.5
西巒大山,西巒大山,0.8,登山口,5.7,XL100,57,西巒大山(6.5)➡倒塌瞭望台(3.85),⇨林道叉路(1.68)⇨登山口(0.0),244201,2621474,23.697049,120.943134,6.5
西巒大山,西巒大山,0.7,登山口,5.8,XL100,58,西巒大山(6.5)➡倒塌瞭望台(3.85),⇨林道叉路(1.68)⇨登山口(0.0),244250,2621402,23.696398,120.943618,6.5
西巒大山,西巒大山,0.6,登山口,5.9,XL100,59,西巒大山(6.5)➡倒塌瞭望台(3.85),⇨林道叉路(1.68)⇨登山口(0.0),244286,2621332,23.695763,120.943969,6.5
西巒大山,西巒大山,0.5,登山口,6.0,XL100,60,西巒大山(6.5)➡倒塌瞭望台(3.85),⇨林道叉路(1.68)⇨登山口(0.0),244352,2621299,23.695470,120.944613,6.5
西巒大山,西巒大山,0.4,登山口,6.1,XL100,61,西巒大山(6.5)➡倒塌瞭望台(3.85),⇨林道叉路(1.68)⇨登山口(0.0),244393,2621248,23.695012,120.945022,6.5
西巒大山,西巒大山,0.3,登山口,6.2,XL100,62,西巒大山(6.5)➡倒塌瞭望台(3.85),⇨林道叉路(1.68)⇨登山口(0.0),244431,2621195,23.694528,120.945395,6.5
西巒大山,西巒大山,0.2,登山口,6.3,XL100,63,西巒大山(6.5)➡倒塌瞭望台(3.85),⇨林道叉路(1.68)⇨登山口(0.0),244490,2621158,23.694196,120.945966,6.5
西巒大山,西巒大山,0.1,登山口,6.4,XL100,64,西巒大山(6.5)➡倒塌瞭望台(3.85),⇨林道叉路(1.68)⇨登山口(0.0),244554,2621139,23.694026,120.946596,6.5
西巒大山,西巒大山,0.0,登山口,6.5,XL100,65,西巒大山(6.5)➡倒塌瞭望台(3.85),⇨林道叉路(1.68)⇨登山口(0.0),244624,2621137,23.694005,120.947286,6.5