左下角備註,右下角備註
林保署宜蘭分署、kawas 合製,請珍惜國家公共資源
林保署宜蘭分署、kawas 合製,請珍惜國家公共資源
林保署宜蘭分署、kawas 合製,請珍惜國家公共資源
林保署宜蘭分署、kawas 合製,請珍惜國家公共資源
林保署宜蘭分署、kawas 合製,請珍惜國家公共資源
林保署宜蘭分署、kawas 合製,請珍惜國家公共資源
林保署宜蘭分署、kawas 合製,請珍惜國家公共資源
林保署宜蘭分署、kawas 合製,請珍惜國家公共資源
林保署宜蘭分署、kawas 合製,請珍惜國家公共資源
林保署宜蘭分署、kawas 合製,請珍惜國家公共資源
林保署宜蘭分署、kawas 合製,請珍惜國家公共資源
林保署宜蘭分署、kawas 合製,請珍惜國家公共資源
林保署宜蘭分署、kawas 合製,請珍惜國家公共資源
林保署宜蘭分署、kawas 合製,請珍惜國家公共資源
林保署宜蘭分署、kawas 合製,請珍惜國家公共資源
林保署宜蘭分署、kawas 合製,請珍惜國家公共資源
林保署宜蘭分署、kawas 合製,請珍惜國家公共資源
林保署宜蘭分署、kawas 合製,請珍惜國家公共資源
林保署宜蘭分署、kawas 合製,請珍惜國家公共資源
林保署宜蘭分署、kawas 合製,請珍惜國家公共資源